sort,logo,name,percentage,price,rating,release,ends,started
,,"Warhammer 40,000: Gladius - Relics of War
Free To Keep
new historical low",-100%,Â¥ 0,78.53%,Jul 2018,in 2 days,5 days ago
,,"Lobotomy Corporation | Monster Management Simulation
Midweek Deal
Top Seller
new historical low",-70%,Â¥ 771,91.37%,Apr 2018,in 6 days,23 hours ago
,,"Cookie Clicker
Daily Deal
new historical low",-65%,Â¥ 182,95.23%,Sep 2021,in 5 days,2 days ago
,,"Lil Gator Game
Daily Deal
new historical low",-50%,Â¥ 1150,95.00%,Dec 2022,in 3 days,11 days ago
,,"Bugsnax
Weekend Deal
new historical low",-70%,Â¥ 771,93.93%,Apr 2022,in 2 days,5 days ago
,,"The Elder Scrolls IV: OblivionÂ® Game of the Year Edition Deluxe
Weekend Deal
new historical low",-80%,Â¥ 440,93.73%,Jun 2009,in 2 days,5 days ago
,,"The Elder Scrolls IV: OblivionÂ® Game of the Year Edition
Weekend Deal
new historical low",-80%,Â¥ 336,93.73%,Sep 2007,in 2 days,5 days ago
,,"Islets
Daily Deal
new historical low",-50%,Â¥ 1150,90.08%,Aug 2022,in 3 days,4 days ago
,,"Planet Coaster
Weekend Deal
new historical low",-95%,Â¥ 229,89.79%,Nov 2016,in 2 days,5 days ago
,,"Perfect Heist 2
Daily Deal
new historical low",-50%,Â¥ 549,88.86%,Dec 2021,in 11 days,3 days ago
,,"CaseCracker
Daily Deal
new historical low",-50%,Â¥ 505,88.63%,Dec 2022,in 5 days,9 days ago
,,"Blade of Darkness
Daily Deal
new historical low",-60%,Â¥ 608,87.77%,Oct 2021,tomorrow,13 days ago
,,"Marble It Up! Ultra
Daily Deal
new historical low",-60%,Â¥ 1360,87.35%,Nov 2018,in 3 days,11 days ago
,,"Spirit Island
Daily Deal
new historical low",-60%,Â¥ 1120,87.34%,Jul 2020,in 4 days,6 days ago
,,"Shin Megami Tensei III Nocturne HD Remaster
Daily Deal
new historical low",-80%,Â¥ 996,84.56%,May 2021,tomorrow,6 days ago
,,"Bum Simulator
Daily Deal
new historical low",-70%,Â¥ 552,84.55%,May 2023,,
,,"Fashion Police Squad
Daily Deal
new historical low",-70%,Â¥ 690,83.64%,Aug 2022,,
,,"Gloomhaven
Midweek Deal
new historical low",-60%,Â¥ 1480,82.06%,Oct 2021,,
,,"Spellcaster University
Daily Deal
new historical low",-60%,Â¥ 1028,80.19%,Jun 2021,,
,,"Far Away
Week Long Deal
new historical low",-55%,Â¥ 675,94.54%,Aug 2021,,
,,"Batman: Arkham City - Game of the Year Edition
new historical low",-80%,Â¥ 396,94.38%,Sep 2012,,
,,"The Last Campfire
new historical low",-90%,Â¥ 170,94.35%,Oct 2021,,
,,"Besiege
new historical low",-75%,Â¥ 425,93.74%,Feb 2020,,
,,"Townscaper
new historical low",-60%,Â¥ 280,93.57%,Aug 2021,,
,,"Tinykin
Midweek Deal",-60%,Â¥ 1120,93.56%,Aug 2022,,
,,"The Elder Scrolls III: MorrowindÂ® Game of the Year Edition
Weekend Deal",-75%,Â¥ 420,93.19%,Apr 2002,,
,,"Supraland
new historical low",-76%,Â¥ 479,92.57%,Apr 2019,,
,,"TROUBLESHOOTER: Abandoned Children
Daily Deal",-66%,Â¥ 873,91.48%,Apr 2020,,
,,"Days Gone
Top Seller
all-time low: Â¥ 1617 at -67%",-75%,Â¥ 1622,91.40%,May 2021,,
,,"Creaks
new historical low",-80%,Â¥ 460,91.26%,Jul 2020,,
,,"Total War: WARHAMMER II
new historical low",-75%,Â¥ 1645,91.16%,Sep 2017,,
,,"Apewar
new historical low",-60%,Â¥ 94,91.14%,Mar 2023,,
,,"Red Dead Redemption 2
Top Seller
all-time low: Â¥ 2843 at -67%",-60%,Â¥ 3447,90.65%,Dec 2019,,
,,"The Elder Scrolls V: Skyrim Special Edition
Weekend Deal",-80%,Â¥ 879,90.37%,Oct 2016,,
,,"Aground
new historical low",-75%,Â¥ 425,89.28%,Apr 2020,,
,,"Tormented Souls
new historical low",-70%,Â¥ 615,89.23%,Aug 2021,,
,,"Mundaun
new historical low",-60%,Â¥ 1060,88.92%,Mar 2021,,
,,"Minecraft Dungeons
new historical low",-50%,Â¥ 1320,88.87%,Sep 2021,,
,,"Figment 2: Creed Valley
new historical low",-75%,Â¥ 700,88.70%,Mar 2023,,
,,"The Artful Escape
new historical low",-60%,Â¥ 1060,87.78%,Sep 2021,,
,,"Batmanâ„¢: Arkham Origins
new historical low",-80%,Â¥ 396,87.39%,Oct 2013,,
,,"Aces & Adventures
new historical low",-55%,Â¥ 1035,87.39%,Feb 2023,,
,,"Ultimate Fishing Simulator
Week Long Deal
new historical low",-88%,Â¥ 276,86.91%,Aug 2018,,
,,"Rust
Top Seller
current 2-year low",-50%,Â¥ 2250,86.52%,Feb 2018,,
,,"Call of the Sea
new historical low",-70%,Â¥ 690,85.84%,Dec 2020,,
,,"Operation: Tango
Week Long Deal
new historical low",-55%,Â¥ 981,85.09%,Jun 2021,,
,,"Wolfstride
new historical low",-70%,Â¥ 510,84.92%,Dec 2021,,
,,"æœˆçƒå è½æ—¶ Moon Fall
new historical low",-72%,Â¥ 896,84.91%,Aug 2020,,
,,"Say No! More
new historical low",-85%,Â¥ 297,84.49%,Apr 2021,,
,,"BUSTAFELLOWS
new historical low",-75%,Â¥ 1732,84.21%,Jul 2021,,
,,"Inertial Drift
new historical low",-90%,Â¥ 230,84.07%,Sep 2020,,
,,"Call of Juarez: Bound in Blood
new historical low",-90%,Â¥ 129,83.47%,Jun 2009,,
,,"The Outer Worlds
new historical low",-50%,Â¥ 2090,82.22%,Oct 2020,,
,,"Eternal Threads
new historical low",-75%,Â¥ 625,81.69%,May 2022,,
,,"No Man's Sky
Top Seller
2-year low: Â¥ 3040",-50%,Â¥ 3250,79.62%,Aug 2016,,
,,"Total War: WARHAMMER III
Top Seller",-50%,Â¥ 3500,65.42%,Feb 2022,,
,,"The Henry Stickmin Collection
Daily Deal
all-time low: Â¥ 760 at -50%",-50%,Â¥ 800,96.69%,Aug 2020,,
,,"American Truck Simulator
Weekend Deal
all-time low: Â¥ 347 at -94%",-75%,Â¥ 695,95.51%,Feb 2016,,
,,Clone Drone in the Danger Zone,-55%,Â¥ 922,94.69%,Jul 2021,,
,,Batman: Arkham Asylum Game of the Year Edition,-80%,Â¥ 396,94.64%,Mar 2010,,
,,Monument Valley: Panoramic Edition,-50%,Â¥ 410,94.44%,Jul 2022,,
,,"Monster Train
Daily Deal
all-time low: Â¥ 514 at -80%",-80%,Â¥ 560,93.81%,May 2020,,
,,The Pedestrian,-70%,Â¥ 690,93.20%,Jan 2020,,
,,"Call of Juarez: Gunslinger
Daily Deal
current 2-year low",-90%,Â¥ 160,93.19%,May 2013,,
,,"Rakuen
Daily Deal
2-year low: Â¥ 392",-70%,Â¥ 510,93.00%,May 2017,,
,,XCOM: Enemy Unknown,-95%,Â¥ 149,92.68%,Oct 2012,,
,,LiEat,-60%,Â¥ 119,92.33%,Feb 2016,,
,,Turnip Boy Commits Tax Evasion,-75%,Â¥ 380,91.95%,Apr 2021,,
,,"Sizeable
Week Long Deal",-70%,Â¥ 303,91.91%,Mar 2021,,
,,"Severed Steel
Week Long Deal",-80%,Â¥ 514,91.85%,Sep 2021,,
,,Skul: The Hero Slayer,-50%,Â¥ 1025,91.63%,Jan 2021,,
,,Cyber Hook,-89%,Â¥ 229,91.02%,Sep 2020,,
,,ASTRONEER,-60%,Â¥ 1400,90.78%,Dec 2016,,
,,LEGOÂ® Batmanâ„¢ 2: DC Super Heroes,-75%,Â¥ 495,90.76%,Jun 2012,,
,,"RaymanÂ® Origins
Daily Deal
2-year low: Â¥ 330",-70%,Â¥ 396,90.56%,Mar 2012,,
,,"Impossible Creatures Steam Edition
Week Long Deal",-75%,Â¥ 245,90.54%,Jan 2003,,
,,Bad North: Jotunn Edition,-80%,Â¥ 340,90.24%,Nov 2018,,
,,A Monster's Expedition,-60%,Â¥ 1120,90.17%,Sep 2020,,
,,"Potion Craft: Alchemist Simulator
Midweek Deal
all-time low: Â¥ 912 at -40%",-55%,Â¥ 1035,90.17%,Dec 2022,,
,,Timelie,-50%,Â¥ 920,90.15%,May 2020,,
,,GUILTY GEAR -STRIVE-,-50%,Â¥ 1995,89.82%,Jun 2021,â€”,
,,Monument Valley 2: Panoramic Edition,-50%,Â¥ 410,89.37%,Jul 2022,,
,,"Mosaique Neko Waifus 5
Week Long Deal",-70%,Â¥ 105,89.36%,Oct 2022,,
,,Wall World,-50%,Â¥ 400,89.32%,Apr 2023,,
,,Dome Keeper,-60%,Â¥ 800,88.93%,Sep 2022,,
,,Atomicrops,-80%,Â¥ 340,88.90%,Sep 2020,,
,,DÅkyÅ«sei: Bangin' Summer,-60%,Â¥ 820,88.85%,Apr 2022,,
,,Monobeno,-70%,Â¥ 750,88.75%,Jan 2018,,
,,Kero Blaster,-70%,Â¥ 294,88.56%,Nov 2015,,
,,DEEEER Simulator: Your Average Everyday Deer Game,-50%,Â¥ 740,88.32%,Nov 2021,,
,,Metro Exodus,-80%,Â¥ 717,88.21%,Feb 2019,,
,,Snakebird,-65%,Â¥ 244,88.20%,May 2015,,
,,Tainted Grail: Conquest,-70%,Â¥ 615,88.16%,May 2021,,
,,Havsala: Into the Soul Palace,-75%,Â¥ 305,87.79%,Jun 2022,,
,,Last Call BBS,-50%,Â¥ 1150,87.73%,Aug 2022,,
,,Fight Crab,-50%,Â¥ 990,87.39%,Jul 2020,,
,,"Jagged Alliance 3
Week Long Deal",-50%,Â¥ 2915,87.38%,Jul 2023,,
,,GUILTY GEAR Xrd -SIGN-,-90%,Â¥ 298,87.26%,Dec 2015,â€”,
,,The Crooked Man,-50%,Â¥ 149,87.20%,Jan 2018,,
,,Middle-earthâ„¢: Shadow of Warâ„¢,-90%,Â¥ 595,87.07%,Oct 2017,,
,,Horny Warp: Hentai Fantasy,-50%,Â¥ 400,86.94%,Feb 2023,,
,,LEGOÂ® Batmanâ„¢ 3: Beyond Gotham,-90%,Â¥ 498,86.80%,Nov 2014,,
,,Maneater,-65%,Â¥ 1463,86.79%,May 2021,,
,,LEGOÂ® Batmanâ„¢: The Videogame,-75%,Â¥ 495,86.67%,Sep 2008,,
,,"Beyond: Two Souls
Week Long Deal",-70%,Â¥ 690,86.55%,Jun 2020,,
,,1bitHeart,-60%,Â¥ 119,86.36%,Aug 2017,,
,,"Warhammer 40,000: Battlesector",-50%,Â¥ 2250,86.32%,Jul 2021,,
,,Batmanâ„¢: Arkham Knight,-80%,Â¥ 396,86.25%,Jun 2015,,
,,Sex and the Furry Titty 2: Sins of the City,-50%,Â¥ 600,86.16%,Sep 2022,,
,,"Solasta: Crown of the Magister
Week Long Deal",-70%,Â¥ 1020,85.61%,May 2021,,
,,SurrounDead,-50%,Â¥ 700,85.56%,Jun 2022,,
,,Solar Ash,-60%,Â¥ 2060,85.24%,Dec 2022,,
,,Sniper Elite: Nazi Zombie Army,-85%,Â¥ 255,85.21%,Feb 2013,,
,,Zombie Army Trilogy,-90%,Â¥ 458,85.03%,Mar 2015,,
,,"Late Shift
Daily Deal
all-time low: Â¥ 486 at -62%",-71%,Â¥ 493,84.04%,Apr 2017,,
,,"SpellForce - Platinum Edition
Daily Deal
current 2-year low",-80%,Â¥ 196,83.91%,Nov 2009,,
,,"SpellForce 3 Fallen God
Daily Deal",-80%,Â¥ 510,83.63%,Nov 2020,,
,,"Five Dates
Daily Deal
all-time low: Â¥ 501 at -62%",-67%,Â¥ 561,83.05%,Nov 2020,,
,,"SpellForce 3 Soul Harvest
Daily Deal",-80%,Â¥ 510,81.27%,May 2019,,
,,"The Elder ScrollsÂ® Online
Weekend Deal
all-time low: Â¥ 561 at -75%",-70%,Â¥ 673,80.85%,Apr 2014,,
,,"Miasma Chronicles
Daily Deal",-60%,Â¥ 2712,76.97%,May 2023,,
,,"HOT WHEELS UNLEASHEDâ„¢
Daily Deal",-85%,Â¥ 693,76.41%,Sep 2021,,
,,"Train Sim WorldÂ® 4
Midweek Deal
new historical low",-70%,Â¥ 1350,75.92%,Sep 2023,,
,,"The Complex
Daily Deal
all-time low: Â¥ 435 at -67%",-72%,Â¥ 476,75.13%,Mar 2020,,
,,"SpellForce 3 Reforced
Daily Deal",-80%,Â¥ 996,74.63%,Dec 2017,,
,,"The Shapeshifting Detective
Daily Deal
new historical low",-82%,Â¥ 306,74.26%,Nov 2018,,
,,"The Elder Scrolls V: Skyrim VR
Weekend Deal",-75%,Â¥ 1995,73.69%,Apr 2018,,
,,"SpellForce 2 - Anniversary Edition
Daily Deal
current 2-year low",-80%,Â¥ 296,72.40%,Oct 2009,,
,,"Bloodshore
Daily Deal
new historical low",-87%,Â¥ 221,68.08%,Nov 2021,,
,,"The Bunker
Daily Deal
new historical low",-85%,Â¥ 255,67.85%,Sep 2016,,
,,"Somerville
Daily Deal
new historical low",-65%,Â¥ 805,67.80%,Nov 2022,,
,,"Cafe Owner Simulator
Daily Deal
new historical low",-60%,Â¥ 840,66.17%,Dec 2022,,
,,"Who Pressed Mute on Uncle Marcus?
Daily Deal
new historical low",-80%,Â¥ 340,64.42%,Mar 2022,,
,,"I Saw Black Clouds
Daily Deal
new historical low",-83%,Â¥ 289,61.27%,Mar 2021,,
,,"Portal 2
2-year low: Â¥ 120",-59%,Â¥ 990,97.71%,Apr 2011,â€”,
,,"Portal
2-year low: Â¥ 115",-90%,Â¥ 120,97.17%,Oct 2007,,
,,"Terraria
2-year low: Â¥ 490",-50%,Â¥ 600,96.93%,May 2011,,
,,"Euro Truck Simulator 2
all-time low: Â¥ 347 at -94%",-75%,Â¥ 695,96.61%,Oct 2012,,
,,"Slay the Spire
all-time low: Â¥ 700 at -75%",-66%,Â¥ 952,96.55%,Jan 2019,,
,,"Totally Accurate Battle Simulator
all-time low: Â¥ 492 at -76%",-66%,Â¥ 748,96.45%,Apr 2021,,
,,"Subnautica
2-year low: Â¥ 1155",-50%,Â¥ 1750,95.75%,Jan 2018,,
,,"POSTAL 2
Week Long Deal
all-time low: Â¥ 98 at -90%",-90%,Â¥ 120,95.17%,Apr 2003,,
,,"Gorogoa
all-time low: Â¥ 456 at -70%",-70%,Â¥ 600,95.05%,Dec 2017,,
,,"Gunpoint
all-time low: Â¥ 196 at -80%",-60%,Â¥ 392,94.77%,Jun 2013,,
,,"The Forest
all-time low: Â¥ 471 at -77%",-75%,Â¥ 512,94.65%,Apr 2018,,
,,"Marco & The Galaxy Dragon
all-time low: Â¥ 2340 at -70%",-60%,Â¥ 3120,94.14%,Feb 2020,,
,,"Opus Magnum
2-year low: Â¥ 1025",-50%,Â¥ 1150,94.00%,Dec 2017,,
,,"What Remains of Edith Finch
all-time low: Â¥ 495 at -75%",-75%,Â¥ 662,93.81%,Apr 2017,,
,,"Kenshi
all-time low: Â¥ 1155 at -67%",-60%,Â¥ 1400,93.79%,Dec 2018,,
,,"SpiritfarerÂ®: Farewell Edition
Week Long Deal
all-time low: Â¥ 680 at -80%",-75%,Â¥ 850,93.64%,Aug 2020,,
,,"Detroit: Become Human
Week Long Deal
all-time low: Â¥ 1596 at -60%",-60%,Â¥ 1800,93.56%,Jun 2020,,
,,"Mad Father
current 2-year low",-50%,Â¥ 490,93.54%,Sep 2016,,
,,"WarhammerÂ® 40,000: Dawn of WarÂ® - Dark Crusade
all-time low: Â¥ 192 at -85%",-75%,Â¥ 320,93.48%,Oct 2006,,
,,"The Talos Principle
all-time low: Â¥ 340 at -90%",-85%,Â¥ 510,93.46%,Dec 2014,,
,,"PlateUp!
all-time low: Â¥ 782 at -66%",-50%,Â¥ 1150,93.42%,Aug 2022,,
,,"Refunct
Week Long Deal
all-time low: Â¥ 77 at -75%",-75%,Â¥ 87,93.41%,Oct 2015,,
,,"Hexcells
all-time low: Â¥ 89 at -70%",-70%,Â¥ 105,93.38%,Feb 2014,,
,,"Untitled Goose Game
all-time low: Â¥ 990 at -50%",-50%,Â¥ 1100,93.38%,Sep 2020,,
,,"Hexcells Infinite
all-time low: Â¥ 149 at -70%",-70%,Â¥ 174,93.22%,Sep 2014,,
,,"Retrowave
2-year low: Â¥ 105",-50%,Â¥ 175,93.10%,May 2022,,
,,"GUILTY GEAR XX ACCENT CORE PLUS R
all-time low: Â¥ 296 at -80%",-77%,Â¥ 340,93.09%,May 2015,â€”,
,,"ROUNDS
all-time low: Â¥ 248 at -60%",-50%,Â¥ 335,93.03%,Apr 2021,,
,,"WarhammerÂ® 40,000: Dawn of WarÂ® - Soulstorm
all-time low: Â¥ 192 at -85%",-75%,Â¥ 320,92.98%,Mar 2008,,
,,"Machinarium
2-year low: Â¥ 330",-80%,Â¥ 460,92.94%,Oct 2009,,
,,"POSTAL: Brain Damaged
Week Long Deal
all-time low: Â¥ 875 at -74%",-73%,Â¥ 884,92.91%,Jun 2022,,
,,"pureya
Week Long Deal
all-time low: Â¥ 280 at -60%",-50%,Â¥ 350,92.84%,Mar 2021,,
,,"TIS-100
2-year low: Â¥ 360",-50%,Â¥ 400,92.82%,Jul 2015,,
,,"Orbt XL
Week Long Deal
2-year low: Â¥ 50",-50%,Â¥ 60,92.71%,Apr 2017,,
,,"SUPER CHICKEN JUMPER
all-time low: Â¥ 130 at -75%",-60%,Â¥ 208,92.70%,Sep 2021,,
,,"BioShock Infinite
current 2-year low",-75%,Â¥ 745,92.60%,Mar 2013,,
,,"Journey
all-time low: Â¥ 300 at -85%",-70%,Â¥ 600,92.55%,Jun 2020,,
,,"Superliminal
all-time low: Â¥ 820 at -60%",-50%,Â¥ 1025,92.49%,Nov 2020,,
,,"WarhammerÂ® 40,000: Dawn of WarÂ® - Game of the Year Edition
all-time low: Â¥ 192 at -85%",-80%,Â¥ 256,92.44%,Jan 2006,,
,,"DR LIVESEY ROM AND DEATH EDITION
all-time low: Â¥ 29 at -71%",-50%,Â¥ 60,92.38%,Feb 2023,,
,,"Stick Fight: The Game
all-time low: Â¥ 149 at -70%",-60%,Â¥ 220,92.37%,Sep 2017,,
,,"Into the Breach
current 2-year low",-50%,Â¥ 760,92.35%,Feb 2018,,
,,"Geometry Arena
all-time low: Â¥ 223 at -64%",-64%,Â¥ 252,92.11%,Jun 2021,,
,,"Agent A: A puzzle in disguise
current 2-year low",-90%,Â¥ 205,92.09%,Aug 2019,,
,,"Enigmatis 2: The Mists of Ravenwood
2-year low: Â¥ 245",-70%,Â¥ 510,91.98%,Sep 2013,,
,,"DISTRAINT 2
all-time low: Â¥ 150 at -85%",-83%,Â¥ 170,91.93%,Nov 2018,,
,,"A Plague Tale: Innocence
all-time low: Â¥ 976 at -80%",-62%,Â¥ 4484,91.89%,May 2019,,
,,"Majotori
Week Long Deal
all-time low: Â¥ 140 at -80%",-50%,Â¥ 350,91.86%,Mar 2017,,
,,"æ³¡æ²«å†¬æ™¯
current 2-year low",-50%,Â¥ 1540,91.84%,Jan 2020,,
,,"The Procession to Calvary
all-time low: Â¥ 454 at -55%",-55%,Â¥ 495,91.78%,Apr 2020,,
,,"Angels with Scaly Wingsâ„¢ / é±—ç¾½ã®å¤©ä½¿
Week Long Deal
2-year low: Â¥ 360",-50%,Â¥ 599,91.69%,Jan 2017,,
,,"My Brother Rabbit
all-time low: Â¥ 152 at -90%",-70%,Â¥ 456,91.68%,Sep 2018,,
,,"Notch - The Innocent LunA: Eclipsed SinnerS
all-time low: Â¥ 245 at -75%",-65%,Â¥ 420,91.67%,Feb 2012,,
,,"Mosaique Neko Waifus 4
Week Long Deal
all-time low: Â¥ 82 at -60%",-70%,Â¥ 105,91.61%,Feb 2021,,
,,"Hitman: Blood Money
Week Long Deal
current 2-year low",-80%,Â¥ 240,91.57%,May 2006,,
,,"60 Seconds! Reatomized
Week Long Deal
all-time low: Â¥ 245 at -75%",-50%,Â¥ 545,91.55%,Jul 2019,,
,,"SHENZHEN I/O
2-year low: Â¥ 760",-50%,Â¥ 850,91.55%,Nov 2016,,
,,"GUILTY GEAR Xrd REV 2
2-year low: Â¥ 596",-67%,Â¥ 983,91.49%,Dec 2016,â€”,
,,"Cleo - a pirate's tale
Week Long Deal
all-time low: Â¥ 152 at -90%",-85%,Â¥ 228,91.47%,Dec 2021,,
,,"Starbound
all-time low: Â¥ 370 at -75%",-60%,Â¥ 680,91.34%,Jul 2016,,
,,"3DMark
2-year low: Â¥ 900",-75%,Â¥ 975,91.33%,â€”,,
,,"The Swapper
all-time low: Â¥ 222 at -85%",-80%,Â¥ 296,91.18%,May 2013,,
,,"Mosaique Neko Waifus 2
Week Long Deal
all-time low: Â¥ 61 at -70%",-70%,Â¥ 105,91.10%,Jun 2020,,
,,"Utawarerumono: Mask of Truth
all-time low: Â¥ 995 at -75%",-60%,Â¥ 1592,91.03%,Jan 2020,,
,,"Tametsi
all-time low: Â¥ 74 at -75%",-67%,Â¥ 115,91.02%,Oct 2017,,
,,"Linelight
2-year low: Â¥ 245",-70%,Â¥ 294,91.00%,Jan 2017,,
,,"Middle-earthâ„¢: Shadow of Mordorâ„¢
all-time low: Â¥ 794 at -85%",-75%,Â¥ 1324,90.97%,Sep 2014,,
,,"Florence
all-time low: Â¥ 204 at -67%",-67%,Â¥ 272,90.93%,Feb 2020,,
,,"Grim Legends: The Forsaken Bride
2-year low: Â¥ 196",-70%,Â¥ 510,90.92%,Feb 2014,,
,,"Recursed
all-time low: Â¥ 205 at -75%",-75%,Â¥ 230,90.88%,Sep 2016,,
,,"Grim Legends 2: Song of the Dark Swan
all-time low: Â¥ 245 at -75%",-70%,Â¥ 510,90.82%,Sep 2014,,
,,"inbento
all-time low: Â¥ 104 at -80%",-70%,Â¥ 174,90.77%,Sep 2019,,
,,"Ding Dong XL
Week Long Deal
all-time low: Â¥ 50 at -50%",-50%,Â¥ 60,90.68%,Jun 2018,,
,,"Samorost 3
all-time low: Â¥ 330 at -85%",-80%,Â¥ 460,90.67%,Mar 2016,,
,,"DISTRAINT: Deluxe Edition
all-time low: Â¥ 54 at -89%",-83%,Â¥ 98,90.61%,Oct 2015,,
,,"Insurgency
Week Long Deal
current 2-year low",-66%,Â¥ 516,90.57%,Jan 2014,,
,,"Trailmakers
all-time low: Â¥ 616 at -76%",-70%,Â¥ 771,90.56%,Sep 2019,,
,,"Infinifactory
2-year low: Â¥ 1285",-50%,Â¥ 1400,90.54%,Jun 2015,,
,,"Stephen's Sausage Roll
2-year low: Â¥ 618",-70%,Â¥ 1020,90.42%,Apr 2016,,
,,"Human Resource Machine
2-year low: Â¥ 516",-50%,Â¥ 850,90.38%,Oct 2015,,
,,"Hexcells Plus
all-time low: Â¥ 89 at -70%",-70%,Â¥ 105,90.34%,Feb 2014,,
,,"Arma 2: Operation Arrowhead
Week Long Deal
current 2-year low",-80%,Â¥ 396,90.33%,Jun 2010,,
,,"Swarmlake
Week Long Deal
2-year low: Â¥ 62",-80%,Â¥ 70,90.24%,Mar 2018,,
,,"Original War
Week Long Deal
all-time low: Â¥ 99 at -80%",-80%,Â¥ 280,90.22%,Jun 2001,,
,,"Four Last Things
current 2-year low",-75%,Â¥ 220,90.22%,Feb 2017,,
,,"Gachi Heroes
all-time low: Â¥ 29 at -71%",-50%,Â¥ 60,90.21%,Oct 2018,,
,,"FEZ
current 2-year low",-50%,Â¥ 490,90.18%,May 2013,,
,,"Shotgun Farmers
Week Long Deal
all-time low: Â¥ 392 at -60%",-60%,Â¥ 480,90.14%,Mar 2019,,
,,"Record of Lodoss War-Deedlit in Wonder Labyrinth-
current 2-year low",-50%,Â¥ 1100,90.13%,Mar 2021,,
,,"Shipped
Week Long Deal
all-time low: Â¥ 186 at -70%",-50%,Â¥ 600,89.97%,Mar 2019,,
,,"Penumbra: Black Plague Gold Edition
Week Long Deal
current 2-year low",-90%,Â¥ 120,89.95%,Jan 2009,,
,,"Mosaique Neko Waifus 3
Week Long Deal
all-time low: Â¥ 61 at -70%",-70%,Â¥ 105,89.92%,Aug 2020,,
,,"EXAPUNKS
all-time low: Â¥ 1025 at -50%",-50%,Â¥ 1150,89.91%,Oct 2018,,
,,"Warhammer 40,000: Space Marine - Anniversary Edition
2-year low: Â¥ 899",-80%,Â¥ 1199,89.78%,Sep 2011,,
,,"Subnautica: Below Zero
all-time low: Â¥ 1155 at -67%",-50%,Â¥ 1750,89.67%,May 2021,,
,,"Beholder
2-year low: Â¥ 137",-85%,Â¥ 240,89.64%,Nov 2016,,
,,"Child of Light
current 2-year low",-70%,Â¥ 594,89.62%,Apr 2014,,
,,"å¯‡èæ¢…ç‰¹ï¼šå›°ä¸–è¿·æƒ… Consummate:Missing World
all-time low: Â¥ 33 at -73%",-50%,Â¥ 60,89.60%,Jul 2017,,
,,"A Good Snowman Is Hard To Build
2-year low: Â¥ 245",-70%,Â¥ 510,89.58%,Feb 2015,,
,,"Arma 3
Week Long Deal
all-time low: Â¥ 720 at -80%",-75%,Â¥ 900,89.56%,Sep 2013,,
,,"Warhammer 40,000: Mechanicus
all-time low: Â¥ 476 at -86%",-80%,Â¥ 680,89.42%,Nov 2018,,
,,"Kingdom Two Crowns
all-time low: Â¥ 460 at -80%",-75%,Â¥ 575,89.34%,Dec 2018,,
,,"SUPERHOT
all-time low: Â¥ 744 at -70%",-70%,Â¥ 749,89.25%,Feb 2016,,
,,"TerraTech
all-time low: Â¥ 514 at -80%",-66%,Â¥ 873,89.17%,Aug 2018,in 6 days,23 hours ago
,,"A Plague Tale: Requiem
all-time low: Â¥ 3192 at -60%",-62%,Â¥ 4484,89.12%,Oct 2022,in 7 days,6 days ago
,,"Bright Memory
all-time low: Â¥ 328 at -60%",-50%,Â¥ 410,89.12%,Mar 2020,in 4 days,4 days ago
,,"POSTAL Redux
Week Long Deal
all-time low: Â¥ 107 at -88%",-88%,Â¥ 120,89.10%,May 2016,in 6 days,23 hours ago
,,"7 Billion Humans
2-year low: Â¥ 516",-50%,Â¥ 850,89.01%,Aug 2018,in 2 days,5 days ago
,,"Heroes of Might & Magic V: Tribes of the East
current 2-year low",-75%,Â¥ 330,88.99%,Oct 2007,in 3 days,11 days ago
,,"Seen
all-time low: Â¥ 41 at -86%",-83%,Â¥ 60,88.93%,Jun 2019,in 13 days,23 hours ago
,,"BEAR, VODKA, STALINGRAD!ğŸ»
Week Long Deal
all-time low: Â¥ 61 at -70%",-50%,Â¥ 235,88.93%,Mar 2020,in 6 days,23 hours ago
,,"Furry Shades of Gay 2: A Shade Gayer
all-time low: Â¥ 310 at -50%",-50%,Â¥ 600,88.92%,Dec 2021,in 2 days,12 days ago
,,"Whispers of a Machine
all-time low: Â¥ 304 at -80%",-80%,Â¥ 340,88.88%,Apr 2019,in 6 days,8 days ago
,,"SpaceChem
2-year low: Â¥ 252",-50%,Â¥ 600,88.86%,Mar 2011,in 2 days,5 days ago
,,"Donut County
all-time low: Â¥ 396 at -70%",-70%,Â¥ 525,88.83%,Aug 2018,in 6 days,5 days ago
,,"3030 Deathwar Redux - A Space Odyssey
Week Long Deal
current 2-year low",-50%,Â¥ 740,88.79%,Sep 2017,in 6 days,23 hours ago
,,"Dark Messiah of Might & Magic
current 2-year low",-75%,Â¥ 165,88.67%,Oct 2006,in 3 days,11 days ago
,,"Utawarerumono: Prelude to the Fallen
all-time low: Â¥ 990 at -85%",-60%,Â¥ 2640,88.66%,Jan 2021,in 12 days,2 days ago
,,"Drift86
all-time low: Â¥ 38 at -81%",-50%,Â¥ 117,88.64%,Nov 2019,in 13 days,23 hours ago
,,"Metro 2033 Redux
all-time low: Â¥ 198 at -90%",-90%,Â¥ 238,88.63%,Aug 2014,in 12 days,2 days ago
,,"A Fisherman's Tale
all-time low: Â¥ 368 at -80%",-75%,Â¥ 460,88.62%,Jan 2019,in 6 days,8 days ago
,,"Metro: Last Light Redux
all-time low: Â¥ 198 at -90%",-90%,Â¥ 238,88.57%,Aug 2014,in 12 days,2 days ago
,,"UnReal World
all-time low: Â¥ 594 at -45%",-50%,Â¥ 750,88.56%,Feb 2016,in 6 days,23 hours ago
,,"Sanitarium
Week Long Deal
2-year low: Â¥ 392",-50%,Â¥ 490,88.54%,Apr 1998,in 6 days,23 hours ago
,,"Far Cry 3
all-time low: Â¥ 396 at -85%",-75%,Â¥ 660,88.52%,Dec 2012,in 5 days,2 days ago
,,"Dino Run DX
Week Long Deal
all-time low: Â¥ 105 at -85%",-66%,Â¥ 238,88.52%,Sep 2015,in 6 days,23 hours ago
,,"Savant - Ascent
Week Long Deal
2-year low: Â¥ 65",-91%,Â¥ 109,88.51%,Dec 2013,in 6 days,23 hours ago
,,"Cthulhu Saves the World
Week Long Deal
2-year low: Â¥ 59",-65%,Â¥ 122,88.39%,Jul 2011,in 6 days,23 hours ago
,,"Nyan Cat: Lost In Space
current 2-year low",-50%,Â¥ 260,88.28%,Dec 2015,in 3 days,11 days ago
,,"LEGOÂ® DC Super-Villains
all-time low: Â¥ 410 at -90%",-85%,Â¥ 615,88.25%,Oct 2018,in 6 days,8 days ago
,,"Ion Fury
Week Long Deal
all-time low: Â¥ 899 at -65%",-60%,Â¥ 1120,88.24%,Aug 2019,in 6 days,23 hours ago
,,"Tricky Towers
all-time low: Â¥ 444 at -70%",-60%,Â¥ 680,88.24%,Aug 2016,in 8 days,6 days ago
,,"KNIGHTS
all-time low: Â¥ 49 at -50%",-50%,Â¥ 60,88.18%,May 2016,in 8 days,6 days ago
,,"Nexomon: Extinction
all-time low: Â¥ 799 at -60%",-65%,Â¥ 805,88.08%,Aug 2020,in 8 days,6 days ago
,,"Bot Vice
2-year low: Â¥ 199",-80%,Â¥ 240,88.02%,Jul 2016,in 13 days,23 hours ago
,,"Mars Power Industries Deluxe
all-time low: Â¥ 102 at -75%",-59%,Â¥ 287,87.87%,Nov 2019,in 2 days,5 days ago
,,"LEGOÂ® The Lord of the Ringsâ„¢
all-time low: Â¥ 396 at -80%",-75%,Â¥ 495,87.83%,Nov 2012,in 6 days,8 days ago
,,"Mosaique Neko Waifus
Week Long Deal
all-time low: Â¥ 61 at -70%",-70%,Â¥ 105,87.81%,Jan 2020,in 6 days,23 hours ago
,,"SnowRunner
all-time low: Â¥ 1840 at -50%",-50%,Â¥ 2490,87.79%,May 2021,in 7 days,6 days ago
,,"Panzer Corps Gold
Week Long Deal
2-year low: Â¥ 618",-50%,Â¥ 1700,87.79%,Jul 2011,in 6 days,23 hours ago
,,"Toodee and Topdee
all-time low: Â¥ 820 at -60%",-60%,Â¥ 920,87.75%,Aug 2021,in 2 days,5 days ago
,,"Utawarerumono: Mask of Deception
all-time low: Â¥ 995 at -75%",-60%,Â¥ 1592,87.65%,Jan 2020,in 12 days,2 days ago
,,"IS Defense
current 2-year low",-80%,Â¥ 130,87.63%,Apr 2016,in 13 days,23 hours ago
,,"WarhammerÂ® 40,000: Dawn of WarÂ® II Chaos Rising
current 2-year low",-75%,Â¥ 495,87.58%,Mar 2010,in 2 days,5 days ago
,,"Lightmatter
current 2-year low",-75%,Â¥ 575,87.57%,Jan 2020,in 2 days,5 days ago
,,"Hentai Mosaique Fix-IT Shoppe
Week Long Deal
2-year low: Â¥ 61",-70%,Â¥ 105,87.53%,Jul 2019,in 6 days,23 hours ago
,,"Bad Dream: Coma
all-time low: Â¥ 89 at -90%",-59%,Â¥ 896,87.52%,Mar 2017,â€”,23 hours ago
,,"Enigmatis 3: The Shadow of Karkhala
all-time low: Â¥ 294 at -70%",-70%,Â¥ 510,87.51%,Aug 2016,in 9 days,5 days ago
,,"Epido
all-time low: Â¥ 82 at -60%",-50%,Â¥ 117,87.44%,May 2019,in 8 days,6 days ago
,,"Predynastic Egypt
all-time low: Â¥ 245 at -75%",-75%,Â¥ 300,87.41%,Oct 2016,in 8 days,6 days ago
,,"Creepy Tale 3: Ingrid Penance
all-time low: Â¥ 480 at -60%",-55%,Â¥ 540,87.37%,Mar 2023,in 12 days,2 days ago
,,"Space Engineers
all-time low: Â¥ 512 at -75%",-50%,Â¥ 1025,87.33%,Feb 2019,in 6 days,23 hours ago
,,"Dig or Die
current 2-year low",-50%,Â¥ 610,87.31%,Jul 2018,in 6 days,23 hours ago
,,"Screencheat
Week Long Deal
all-time low: Â¥ 304 at -80%",-80%,Â¥ 340,87.26%,Oct 2014,in 6 days,23 hours ago
,,"LUNA The Shadow Dust
all-time low: Â¥ 1435 at -30%",-59%,Â¥ 1897,87.18%,Feb 2020,â€”,5 days ago
,,"Sokobond
2-year low: Â¥ 245",-70%,Â¥ 510,87.11%,Jul 2014,in 9 days,5 days ago
,,"Arcade Spirits
all-time low: Â¥ 205 at -90%",-75%,Â¥ 575,87.08%,Feb 2019,in 8 days,6 days ago
,,"Grim Legends 3: The Dark City
all-time low: Â¥ 294 at -70%",-70%,Â¥ 510,87.06%,Jun 2016,in 9 days,5 days ago
,,"Helen's Mysterious Castle
all-time low: Â¥ 79 at -60%",-59%,Â¥ 81,87.06%,Mar 2016,in 4 days,4 days ago
,,"Umurangi Generation
Week Long Deal
all-time low: Â¥ 152 at -90%",-59%,Â¥ 1049,87.01%,May 2020,in 6 days,23 hours ago
,,"Pleasure Puzzle:Portrait è¶£æ‹¼æ‹¼ï¼šè‚–åƒç”»
2-year low: Â¥ 33",-50%,Â¥ 60,87.01%,Sep 2018,in 9 days,5 days ago
,,"Summer of '58
all-time low: Â¥ 186 at -80%",-73%,Â¥ 251,86.90%,Jul 2021,in 6 days,8 days ago
,,"Penumbra Overture
Week Long Deal
current 2-year low",-90%,Â¥ 120,86.86%,Mar 2007,in 6 days,23 hours ago
,,"Coffin of Ashes
2-year low: Â¥ 383",-50%,Â¥ 400,86.63%,Dec 2016,in 12 days,2 days ago
,,"Warhammer 40,000: Dawn of War II
all-time low: Â¥ 297 at -85%",-80%,Â¥ 396,86.55%,Feb 2009,in 2 days,5 days ago
,,"Avernum: Escape From the Pit
Week Long Deal
2-year low: Â¥ 196",-60%,Â¥ 480,86.43%,Apr 2012,in 6 days,23 hours ago
,,"Russian Life Simulator
all-time low: Â¥ 29 at -71%",-50%,Â¥ 60,86.38%,May 2019,in 12 days,2 days ago
,,"Craft The World
all-time low: Â¥ 282 at -85%",-85%,Â¥ 315,86.37%,Nov 2014,in 6 days,23 hours ago
,,"No Straight Roads: Encore Edition
Week Long Deal
all-time low: Â¥ 873 at -66%",-66%,Â¥ 874,86.34%,Oct 2021,in 6 days,23 hours ago
,,"100 hidden eternals
Week Long Deal
all-time low: Â¥ 41 at -80%",-60%,Â¥ 94,86.24%,Dec 2020,in 6 days,23 hours ago
,,"Demonheart
all-time low: Â¥ 230 at -90%",-65%,Â¥ 805,86.22%,Mar 2017,in 12 days,2 days ago
,,"It's Spring Again
Week Long Deal
2-year low: Â¥ 50",-50%,Â¥ 60,86.16%,Feb 2016,in 6 days,23 hours ago
,,"The Pathless
all-time low: Â¥ 1980 at -60%",-60%,Â¥ 2060,86.13%,Nov 2021,in 6 days,5 days ago
,,"Crashlands
current 2-year low",-90%,Â¥ 152,86.11%,Jan 2016,in 13 days,23 hours ago
,,"Far Cry 3 - Blood Dragon
current 2-year low",-75%,Â¥ 495,86.05%,May 2013,in 5 days,2 days ago
,,"KeyWe
Week Long Deal
all-time low: Â¥ 873 at -66%",-66%,Â¥ 874,85.97%,Aug 2021,in 6 days,23 hours ago
,,"Low Magic Age
2-year low: Â¥ 608",-60%,Â¥ 680,85.90%,Jan 2017,in 8 days,6 days ago
,,"If Found...
all-time low: Â¥ 660 at -50%",-50%,Â¥ 875,85.89%,May 2020,in 6 days,5 days ago
,,"Knightfall: A Daring Journey
2-year low: Â¥ 248",-50%,Â¥ 335,85.88%,Apr 2022,tomorrow,13 days ago
,,"Hitler Hates Anime
Week Long Deal
all-time low: Â¥ 93 at -70%",-50%,Â¥ 117,85.83%,Aug 2021,in 6 days,23 hours ago
,,"Sex and the Furry Titty
all-time low: Â¥ 240 at -70%",-60%,Â¥ 320,85.82%,Jun 2021,in 2 days,12 days ago
,,"The Bug Butcher
Week Long Deal
all-time low: Â¥ 159 at -80%",-70%,Â¥ 239,85.73%,Jan 2016,in 6 days,23 hours ago
,,"SquareCells
all-time low: Â¥ 89 at -70%",-70%,Â¥ 105,85.65%,Dec 2015,in 2 days,5 days ago
,,"Abyss: The Wraiths of Eden
2-year low: Â¥ 196",-70%,Â¥ 510,85.65%,Oct 2012,in 9 days,5 days ago
,,"UBERMOSH
all-time low: Â¥ 29 at -71%",-90%,Â¥ 60,85.49%,Aug 2015,tomorrow,13 days ago
,,"Dreamscaper
all-time low: Â¥ 568 at -93%",-75%,Â¥ 700,85.40%,Aug 2021,in 8 days,6 days ago
,,"INFRA
all-time low: Â¥ 612 at -82%",-77%,Â¥ 782,85.37%,Jan 2016,in 9 days,23 hours ago
,,"Tcheco in the Castle of Lucio
Week Long Deal
2-year low: Â¥ 56",-50%,Â¥ 60,85.30%,Jun 2015,in 6 days,23 hours ago
,,"Beholder 2
all-time low: Â¥ 224 at -85%",-80%,Â¥ 400,85.06%,Dec 2018,in 9 days,5 days ago
,,"Nihilumbra
Week Long Deal
2-year low: Â¥ 239",-60%,Â¥ 319,85.04%,Sep 2013,in 6 days,23 hours ago
,,"WarhammerÂ® 40,000: Dawn of WarÂ® â€“ Winter Assault
all-time low: Â¥ 192 at -85%",-75%,Â¥ 320,85.01%,Jan 2006,in 2 days,5 days ago
,,"Penguins Arena: Sedna's World
Week Long Deal
all-time low: Â¥ 59 at -90%",-85%,Â¥ 89,84.99%,Dec 2008,in 6 days,23 hours ago
,,"Battle Chasers: Nightwar
Week Long Deal
all-time low: Â¥ 298 at -90%",-75%,Â¥ 745,84.93%,Oct 2017,in 6 days,23 hours ago
,,"Absolute Drift
Week Long Deal
2-year low: Â¥ 236",-50%,Â¥ 700,84.90%,Jul 2015,in 6 days,23 hours ago
,,"Submerged: Hidden Depths
Week Long Deal
all-time low: Â¥ 309 at -90%",-90%,Â¥ 340,84.82%,Mar 2022,in 6 days,23 hours ago
,,"Crash Drive 2
Week Long Deal
2-year low: Â¥ 63",-86%,Â¥ 81,84.75%,May 2015,in 6 days,23 hours ago
,,"Songbird Symphony
all-time low: Â¥ 173 at -90%",-75%,Â¥ 475,84.67%,Jul 2019,in 8 days,6 days ago
,,"Tom Clancy's Rainbow SixÂ® Siege
2-year low: Â¥ 528",-60%,Â¥ 1112,84.66%,Dec 2015,in 5 days,2 days ago
,,"Hentai Beach
all-time low: Â¥ 29 at -71%",-72%,Â¥ 65,84.65%,Nov 2020,in 9 days,5 days ago
,,"Unholy Heights
current 2-year low",-50%,Â¥ 199,84.65%,Aug 2013,in 4 days,4 days ago
,,"Heroes of Might & Magic V
current 2-year low",-75%,Â¥ 330,84.58%,May 2006,in 3 days,11 days ago
,,"Feel The Snow
all-time low: Â¥ 269 at -70%",-80%,Â¥ 300,84.56%,Dec 2019,in 6 days,23 hours ago
,,"Verdun
current 2-year low",-80%,Â¥ 460,84.54%,Apr 2015,in 7 days,4 days ago
,,"60 Parsecs!
Week Long Deal
all-time low: Â¥ 245 at -75%",-50%,Â¥ 545,84.53%,Sep 2018,in 6 days,23 hours ago
,,"Eternights
Week Long Deal
all-time low: Â¥ 2090 at -50%",-50%,Â¥ 2750,84.51%,Sep 2023,in 6 days,23 hours ago
,,Troublemaker,-50%,Â¥ 1150,84.34%,Mar 2023,in 8 days,6 days ago
,,"Figment
all-time low: Â¥ 0 at -100%",-80%,Â¥ 396,84.31%,Sep 2017,in 8 days,6 days ago
,,"Clue/Cluedo: Classic Edition
Week Long Deal
2-year low: Â¥ 610",-50%,Â¥ 700,84.31%,May 2018,in 6 days,23 hours ago
,,"Hentai Mosaique Puzzle
Week Long Deal
all-time low: Â¥ 30 at -70%",-70%,Â¥ 70,84.29%,Dec 2018,in 6 days,23 hours ago
,,"Slash It 2
2-year low: Â¥ 127",-90%,Â¥ 190,84.27%,Jan 2017,in 13 days,23 hours ago
,,"Down in Bermuda
all-time low: Â¥ 205 at -90%",-56%,Â¥ 1804,84.24%,Jan 2021,â€”,5 days ago
,,"The Bridge
all-time low: Â¥ 98 at -90%",-71%,Â¥ 284,84.21%,Feb 2013,in 2 days,5 days ago
,,"Combots
Week Long Deal
all-time low: Â¥ 70 at -90%",-90%,Â¥ 92,84.18%,Jul 2021,in 6 days,23 hours ago
,,"September 7th
all-time low: Â¥ 160 at -80%",-73%,Â¥ 216,84.17%,Jan 2023,in 6 days,8 days ago
,,"Oblivious Garden ~Carmina Burana
2-year low: Â¥ 592",-60%,Â¥ 680,84.13%,Dec 2014,in 12 days,2 days ago
,,"Injustice: Gods Among Us Ultimate Edition
current 2-year low",-75%,Â¥ 495,84.10%,Nov 2013,in 6 days,8 days ago
,,"Crashday Redline Edition
Week Long Deal
all-time low: Â¥ 295 at -75%",-60%,Â¥ 472,84.10%,Aug 2017,in 6 days,23 hours ago
,,Ace of Seafood,-80%,Â¥ 236,84.09%,Apr 2016,in 4 days,4 days ago
,,"Astebreed: Definitive Edition
current 2-year low",-80%,Â¥ 396,84.08%,May 2014,in 4 days,4 days ago
,,"Kingdom: New Lands
all-time low: Â¥ 148 at -90%",-90%,Â¥ 170,84.07%,Aug 2016,in 6 days,8 days ago
,,Cat Cafe Manager,-50%,Â¥ 1150,84.06%,Apr 2022,in 8 days,6 days ago
,,"Nosferatu: The Wrath of Malachi
Week Long Deal
all-time low: Â¥ 52 at -83%",-75%,Â¥ 87,84.05%,Oct 2003,in 6 days,23 hours ago
,,"Borderlands 3
all-time low: Â¥ 798 at -90%",-85%,Â¥ 1197,84.04%,Mar 2020,in 9 days,5 days ago
,,"Tannenberg
all-time low: Â¥ 410 at -80%",-80%,Â¥ 460,83.89%,Feb 2019,in 7 days,4 days ago
,,"Dex
Week Long Deal
all-time low: Â¥ 158 at -92%",-80%,Â¥ 396,83.87%,May 2015,in 6 days,23 hours ago
,,"MOLEK-SYNTEZ
all-time low: Â¥ 505 at -50%",-50%,Â¥ 600,83.87%,Nov 2019,in 2 days,5 days ago
,,GOCCO OF WAR,-80%,Â¥ 396,83.82%,Nov 2015,in 4 days,4 days ago
,,"Outcast 1.1
Week Long Deal
current 2-year low",-67%,Â¥ 197,83.80%,Dec 2014,in 6 days,23 hours ago
,,Coromon,-60%,Â¥ 920,83.80%,Mar 2022,in 8 days,6 days ago
,,"Murder Miners
Week Long Deal
current 2-year low",-67%,Â¥ 102,83.78%,Jul 2014,in 6 days,23 hours ago
,,"Far CryÂ® Primal
current 2-year low",-75%,Â¥ 1650,83.75%,Mar 2016,in 5 days,2 days ago
,,Alicemare,-60%,Â¥ 119,83.74%,Nov 2016,in 4 days,4 days ago
,,"War for the Overworld
2-year low: Â¥ 596",-80%,Â¥ 680,83.71%,Apr 2015,in 9 days,5 days ago
,,"Warhammer: Vermintide 2
all-time low: Â¥ 0 at -100%",-80%,Â¥ 618,83.70%,Mar 2018,in 9 days,5 days ago
,,Tales of the Neon Sea,-78%,Â¥ 418,83.62%,Apr 2019,in 2 days,5 days ago
,,Necrosmith,-50%,Â¥ 175,83.60%,Jul 2022,in 9 days,5 days ago
,,"Cosmic Star Heroine
Week Long Deal
2-year low: Â¥ 222",-80%,Â¥ 296,83.58%,Apr 2017,in 6 days,23 hours ago
,,"Red Faction
2-year low: Â¥ 196",-80%,Â¥ 237,83.55%,Sep 2001,in 12 days,2 days ago
,,"Hentai Mosaique Vip Room
Week Long Deal
all-time low: Â¥ 30 at -70%",-70%,Â¥ 70,83.54%,Apr 2019,in 6 days,23 hours ago
,,ğŸ‘‘ Idle Calibur ğŸ‘‘ï¼ˆé€‰ç‹ä¹‹å‰‘ï¼‰,-50%,Â¥ 410,83.52%,Jan 2022,in 3 days,11 days ago
,,"Caveblazers
all-time low: Â¥ 98 at -90%",-93%,Â¥ 422,83.51%,May 2017,â€”,5 days ago
,,"Suits: A Business RPG
Week Long Deal
all-time low: Â¥ 49 at -50%",-50%,Â¥ 60,83.49%,Jan 2016,in 6 days,23 hours ago
,,"My Friend Stalin
all-time low: Â¥ 30 at -70%",-50%,Â¥ 60,83.47%,Jun 2021,in 58 minutes,14 days ago
,,"The Infected
all-time low: Â¥ 710 at -50%",-50%,Â¥ 900,83.45%,Aug 2020,in 6 days,23 hours ago
,,"Strikey Sisters
2-year low: Â¥ 199",-80%,Â¥ 240,83.35%,Jun 2017,in 13 days,23 hours ago
,,"Trials of Fire
Week Long Deal
all-time low: Â¥ 512 at -75%",-50%,Â¥ 1025,83.27%,Apr 2021,in 6 days,23 hours ago
,,XCOMÂ® 2,-95%,Â¥ 350,83.25%,Feb 2016,in 9 days,5 days ago
,,"Gal*Gun: Double Peace
all-time low: Â¥ 330 at -90%",-75%,Â¥ 825,83.24%,Sep 2016,in 8 days,6 days ago
,,"Zombie Army 4: Dead War
all-time low: Â¥ 756 at -89%",-85%,Â¥ 825,83.22%,Feb 2021,in 7 days,7 days ago
,,"Super 3-D Noah's Ark
Week Long Deal
2-year low: Â¥ 205",-65%,Â¥ 287,83.20%,Jan 1995,in 6 days,23 hours ago
,,"Replica
all-time low: Â¥ 98 at -67%",-50%,Â¥ 175,83.20%,Jul 2016,in 3 days,4 days ago
,,The Silver Case,-70%,Â¥ 594,83.15%,Oct 2016,in 4 days,4 days ago
,,"StrikeForce Kitty
all-time low: Â¥ 82 at -90%",-60%,Â¥ 328,83.15%,Feb 2018,in 12 days,2 days ago
,,"TormentorâŒPunisher
all-time low: Â¥ 79 at -90%",-50%,Â¥ 460,83.13%,Jun 2017,in 6 days,8 days ago
,,"Unforeseen Incidents
all-time low: Â¥ 1210 at -60%",-63%,Â¥ 1708,83.12%,May 2018,â€”,4 days ago
,,"Lydia
Week Long Deal
2-year low: Â¥ 139",-50%,Â¥ 235,83.07%,Jun 2017,in 6 days,23 hours ago
,,"The Inheritance of Crimson Manor
all-time low: Â¥ 398 at -80%",-75%,Â¥ 497,83.05%,May 2022,in 9 days,5 days ago
,,"Gang Beasts
all-time low: Â¥ 792 at -60%",-60%,Â¥ 880,83.01%,Dec 2017,in 13 days,23 hours ago
,,"Chronology
2-year low: Â¥ 59",-80%,Â¥ 99,82.86%,May 2014,in 8 days,6 days ago
,,"Creepy Tale 2
all-time low: Â¥ 303 at -70%",-50%,Â¥ 505,82.85%,Jul 2021,in 12 days,2 days ago
,,Prince of PersiaÂ®: The Sands of Time,-80%,Â¥ 264,82.84%,Dec 2003,in 3 days,11 days ago
,,Plebby Quest: The Crusades,-80%,Â¥ 410,82.80%,Apr 2020,in 2 days,12 days ago
,,Diggles: The Myth of Fenris,-60%,Â¥ 404,82.78%,Dec 2020,in 22 hours,13 days ago
,,"Egypt: Old Kingdom
all-time low: Â¥ 380 at -75%",-75%,Â¥ 425,82.70%,May 2018,in 8 days,6 days ago
,,"Furry Shades of Gay
all-time low: Â¥ 240 at -70%",-60%,Â¥ 320,82.64%,Dec 2020,in 2 days,12 days ago
,,"Pixel Cup Soccer - Ultimate Edition
Week Long Deal
current 2-year low",-50%,Â¥ 1149,82.63%,Oct 2022,in 6 days,23 hours ago
,,We Were Here Together,-62%,Â¥ 570,82.61%,Oct 2019,in 2 days,5 days ago
,,"Love Breakout
Week Long Deal
all-time low: Â¥ 45 at -55%",-50%,Â¥ 60,82.58%,Mar 2020,in 6 days,23 hours ago
,,Espresso Tycoon,-50%,Â¥ 1150,82.46%,Jun 2023,in 10 days,4 days ago
,,"SUPERHOT: MIND CONTROL DELETE
current 2-year low",-60%,Â¥ 999,82.44%,Jul 2020,in 8 days,6 days ago
,,"Hand Simulator: Rendezvous
Week Long Deal
all-time low: Â¥ 70 at -70%",-50%,Â¥ 117,82.40%,Nov 2022,in 6 days,23 hours ago
,,"Razortron 2000
all-time low: Â¥ 19 at -98%",-50%,Â¥ 60,82.38%,Oct 2016,in 4 days,10 days ago
,,"Slash It
2-year low: Â¥ 127",-90%,Â¥ 190,82.37%,Dec 2016,in 13 days,23 hours ago
,,"Guilty Gear X2 #Reload
all-time low: Â¥ 98 at -90%",-68%,Â¥ 313,82.27%,Jul 2004,â€”,57 minutes ago
,,"Fishing Adventure
Week Long Deal
all-time low: Â¥ 52 at -90%",-86%,Â¥ 81,82.25%,Nov 2019,in 6 days,23 hours ago
,,"Buggos
Week Long Deal
all-time low: Â¥ 380 at -75%",-50%,Â¥ 1150,82.22%,Mar 2022,in 6 days,23 hours ago
,,"Curse of the Dead Gods
all-time low: Â¥ 868 at -65%",-65%,Â¥ 1120,82.20%,Feb 2021,in 2 days,12 days ago
,,Salt 2: Shores of Gold,-50%,Â¥ 1025,82.13%,Sep 2022,in 6 days,23 hours ago
,,"Strange Brigade
all-time low: Â¥ 257 at -95%",-90%,Â¥ 515,82.12%,Aug 2018,in 7 days,7 days ago
,,"Ni no Kuniâ„¢ II: Revenant Kingdom
Week Long Deal
all-time low: Â¥ 1320 at -85%",-84%,Â¥ 1408,82.12%,Mar 2018,in 6 days,23 hours ago
,,"Barro 2020
all-time low: Â¥ 47 at -90%",-81%,Â¥ 139,82.11%,Nov 2019,â€”,5 days ago
,,Sniper Elite: Nazi Zombie Army 2,-85%,Â¥ 255,82.08%,Oct 2013,in 7 days,7 days ago
,,"Exit From
2-year low: Â¥ 149",-70%,Â¥ 179,82.05%,Apr 2021,tomorrow,13 days ago
,,Filament,-79%,Â¥ 399,81.92%,Apr 2020,in 2 days,5 days ago
,,"TO THE TOP
Week Long Deal
all-time low: Â¥ 512 at -75%",-50%,Â¥ 1025,81.80%,May 2017,in 6 days,23 hours ago
,,La-Mulana 2,-50%,Â¥ 1240,81.71%,Jul 2018,in 4 days,4 days ago
,,"Knights and Merchants
Week Long Deal
2-year low: Â¥ 209",-50%,Â¥ 600,81.67%,Oct 2013,in 6 days,23 hours ago
,,DEAD OR SCHOOL,-60%,Â¥ 1000,81.50%,Jun 2019,in 10 days,4 days ago
,,"Owlboy
Week Long Deal
2-year low: Â¥ 805",-60%,Â¥ 920,81.47%,Nov 2016,in 6 days,23 hours ago
,,"Heavy Rain
Week Long Deal",-75%,Â¥ 575,81.43%,Jun 2020,in 6 days,23 hours ago
,,"Sairento VR
Week Long Deal",-60%,Â¥ 1192,81.34%,Feb 2018,in 6 days,23 hours ago
,,Brigandine The Legend of Runersia,-50%,Â¥ 2250,81.28%,May 2022,in 4 days,4 days ago
,,"Vaporum
Week Long Deal",-85%,Â¥ 345,81.25%,Sep 2017,in 6 days,23 hours ago
,,"Evergarden
all-time low: Â¥ 101 at -90%",-60%,Â¥ 480,81.24%,Aug 2018,in 2 days,5 days ago
,,"DOKA 2 KISHKI EDITION
2-year low: Â¥ 29",-50%,Â¥ 60,81.24%,Nov 2018,tomorrow,13 days ago
,,Mighty Goose,-60%,Â¥ 792,81.20%,Jun 2021,in 4 days,4 days ago
,,Tin Can,-55%,Â¥ 922,81.19%,May 2022,in 9 days,yesterday
,,"ARIDA: Backland's Awakening
all-time low: Â¥ 108 at -85%",-50%,Â¥ 445,81.17%,Aug 2019,in 2 days,5 days ago
,,ATOM RPG: Post-apocalyptic indie game,-70%,Â¥ 510,81.12%,Dec 2018,in 6 days,23 hours ago
,,"Gal*Gun 2
all-time low: Â¥ 330 at -90%",-75%,Â¥ 825,81.10%,Jul 2018,in 8 days,6 days ago
,,"Panzer Corps 2
Week Long Deal",-60%,Â¥ 1800,81.09%,Mar 2020,in 6 days,23 hours ago
,,"Day of Infamy
Week Long Deal
current 2-year low",-66%,Â¥ 516,81.04%,Mar 2017,in 6 days,23 hours ago
,,"Hard Truck Apocalypse / Ex Machina
2-year low: Â¥ 79",-60%,Â¥ 882,80.94%,Dec 2005,â€”,23 hours ago
,,Friends vs Friends,-50%,Â¥ 600,80.94%,May 2023,in 6 days,8 days ago
,,Mail Time,-50%,Â¥ 1150,80.93%,Apr 2023,in 8 days,6 days ago
,,"Warhammer 40,000: Sanctus Reach
all-time low: Â¥ 596 at -80%",-80%,Â¥ 680,80.90%,Jan 2017,in 2 days,5 days ago
,,"Hunt: Showdown
all-time low: Â¥ 1247 at -77%",-65%,Â¥ 1574,80.90%,Aug 2019,in 9 days,5 days ago
,,"The Beast Inside
all-time low: Â¥ 257 at -90%",-90%,Â¥ 280,80.89%,Oct 2019,in 12 days,2 days ago
,,"Karting
all-time low: Â¥ 38 at -81%",-50%,Â¥ 117,80.89%,Apr 2021,in 13 days,23 hours ago
,,"Aperture Tag: The Paint Gun Testing Initiative
Week Long Deal
2-year low: Â¥ 104",-80%,Â¥ 116,80.87%,Jul 2014,in 6 days,23 hours ago
,,"UnderParty
all-time low: Â¥ 276 at -60%",-50%,Â¥ 400,80.83%,Apr 2020,in 8 days,6 days ago
,,"Enigmatis: The Ghosts of Maple Creek
all-time low: Â¥ 98 at -90%",-70%,Â¥ 510,80.76%,Sep 2011,in 9 days,5 days ago
,,"Lost Technology
current 2-year low",-50%,Â¥ 260,80.76%,Aug 2017,in 4 days,4 days ago
,,"Morphopolis
Week Long Deal
2-year low: Â¥ 79",-80%,Â¥ 94,80.74%,Aug 2014,in 6 days,23 hours ago
,,"Euro Truck Simulator
2-year low: Â¥ 120",-80%,Â¥ 136,80.74%,Aug 2008,in 2 days,12 days ago
,,Star Renegades,-80%,Â¥ 560,80.71%,Sep 2020,in 6 days,8 days ago
,,"MOMO.EXE
Week Long Deal
all-time low: Â¥ 51 at -75%",-70%,Â¥ 70,80.71%,Aug 2018,in 6 days,23 hours ago
,,"SCARLET NEXUS
Week Long Deal
all-time low: Â¥ 1443 at -84%",-82%,Â¥ 1900,80.66%,Jun 2021,in 6 days,23 hours ago
,,Isonzo,-67%,Â¥ 1122,80.53%,Sep 2022,in 3 days,11 days ago
,,"Cube Runner
2-year low: Â¥ 127",-90%,Â¥ 190,80.52%,Dec 2016,in 13 days,23 hours ago
,,Metal Unit,-80%,Â¥ 304,80.50%,Jan 2021,in 2 days,12 days ago
,,"Q.U.B.E. 2
all-time low: Â¥ 257 at -90%",-75%,Â¥ 642,80.50%,Mar 2018,in 2 days,5 days ago
,,"Enemy Mind
2-year low: Â¥ 196",-50%,Â¥ 550,80.47%,Jun 2014,in 13 days,23 hours ago
,,"Barro Racing
all-time low: Â¥ 47 at -90%",-87%,Â¥ 405,80.41%,Sep 2020,â€”,2 days ago
,,"The Unfinished Swan
all-time low: Â¥ 456 at -70%",-70%,Â¥ 600,80.30%,Sep 2020,in 6 days,5 days ago
,,"Arma 2
Week Long Deal",-80%,Â¥ 256,80.13%,â€”,in 6 days,23 hours ago
,,"Death in the Water 2
Week Long Deal
all-time low: Â¥ 805 at -65%",-60%,Â¥ 920,80.09%,Jan 2023,in 6 days,23 hours ago
,,"CrossCells
all-time low: Â¥ 89 at -70%",-70%,Â¥ 105,80.08%,May 2017,in 2 days,5 days ago
,,"Steepâ„¢
all-time low: Â¥ 396 at -90%",-85%,Â¥ 594,80.07%,Dec 2016,in 3 days,11 days ago
,,"Far CryÂ®
current 2-year low",-75%,Â¥ 330,80.07%,Mar 2004,in 5 days,2 days ago
,,"Manual Samuel - Anniversary Edition
all-time low: Â¥ 98 at -90%",-70%,Â¥ 968,80.05%,Oct 2016,â€”,5 days ago
,,"Barro F
all-time low: Â¥ 47 at -90%",-90%,Â¥ 60,80.02%,Feb 2020,in 11 days,3 days ago
,,"Microcosmum: survival of cells
Week Long Deal
2-year low: Â¥ 393",-50%,Â¥ 460,80.02%,Jul 2018,in 6 days,23 hours ago
,,"Breath of Death VII
Week Long Deal
2-year low: Â¥ 59",-65%,Â¥ 122,80.00%,Jul 2011,in 6 days,23 hours ago
,,"Warstone TD
all-time low: Â¥ 228 at -85%",-80%,Â¥ 304,79.96%,May 2018,tomorrow,13 days ago
,,"Hentai Bad Girls
all-time low: Â¥ 38 at -81%",-50%,Â¥ 60,79.96%,Jul 2019,in 13 days,23 hours ago
,,"SunderedÂ®: Eldritch Edition
Week Long Deal
all-time low: Â¥ 410 at -80%",-75%,Â¥ 575,79.91%,Jul 2017,in 6 days,23 hours ago
,,"Don't Disturb
all-time low: Â¥ 39 at -90%",-75%,Â¥ 117,79.90%,Aug 2016,in 8 days,6 days ago
,,Far CryÂ® 5,-85%,Â¥ 1188,79.86%,Mar 2018,in 5 days,2 days ago
,,"BioShockâ„¢ Remastered
all-time low: Â¥ 396 at -80%",-75%,Â¥ 495,79.85%,Sep 2016,in 9 days,5 days ago
,,Marvel's Midnight Suns,-75%,Â¥ 2062,79.83%,Dec 2022,in 9 days,4 days ago
,,"Production Line : Car factory simulation
Week Long Deal
all-time low: Â¥ 560 at -80%",-66%,Â¥ 952,79.72%,Mar 2019,in 6 days,23 hours ago
,,"The Way
Week Long Deal
all-time low: Â¥ 148 at -90%",-90%,Â¥ 170,79.71%,May 2016,in 6 days,23 hours ago
,,Hakoniwa Explorer Plus,-50%,Â¥ 490,79.71%,Jun 2018,in 4 days,4 days ago
,,Scribblenauts Unmasked: A DC Comics Adventure,-75%,Â¥ 495,79.64%,Sep 2013,in 6 days,8 days ago
,,"Phoenix Force
all-time low: Â¥ 29 at -71%",-50%,Â¥ 60,79.57%,Nov 2014,in 10 days,4 days ago
,,"CPU Invaders
all-time low: Â¥ 29 at -71%",-90%,Â¥ 60,79.46%,Feb 2017,in 2 days,12 days ago
,,"FootLOL: Epic Soccer League
Week Long Deal
2-year low: Â¥ 98",-80%,Â¥ 240,79.43%,Aug 2013,in 6 days,23 hours ago
,,"Blackout Z: Slaughterhouse Edition
2-year low: Â¥ 29",-50%,Â¥ 60,79.42%,Oct 2017,in 4 days,10 days ago
,,"Heal
all-time low: Â¥ 120 at -85%",-83%,Â¥ 136,79.37%,Apr 2020,in 13 days,23 hours ago
,,"State of Anarchy: Master of Mayhem
all-time low: Â¥ 36 at -88%",-60%,Â¥ 99,79.28%,Mar 2017,in 8 days,23 hours ago
,,"Lucius
Week Long Deal
all-time low: Â¥ 98 at -90%",-85%,Â¥ 420,79.24%,Oct 2012,in 6 days,23 hours ago
,,"Raji: An Ancient Epic
Week Long Deal",-75%,Â¥ 700,79.24%,Oct 2020,in 6 days,23 hours ago
,,"Time Warpers
2-year low: Â¥ 697",-50%,Â¥ 1025,79.24%,Jan 2020,in 3 days,11 days ago
,,"Winter Novel
Week Long Deal
2-year low: Â¥ 51",-69%,Â¥ 61,79.23%,Aug 2016,in 6 days,23 hours ago
,,"The Talos Principle VR
2-year low: Â¥ 680",-70%,Â¥ 1020,79.22%,Oct 2017,in 2 days,12 days ago
,,"Sex with Stalin
all-time low: Â¥ 40 at -90%",-80%,Â¥ 94,79.12%,Oct 2020,in 10 days,4 days ago
,,"Hentai Furry 2
all-time low: Â¥ 38 at -81%",-50%,Â¥ 60,79.06%,Nov 2020,tomorrow,13 days ago
,,"LEGOÂ® The Hobbitâ„¢
all-time low: Â¥ 396 at -80%",-75%,Â¥ 495,78.86%,Apr 2014,in 6 days,8 days ago
,,"White Day: A Labyrinth Named School
all-time low: Â¥ 298 at -90%",-75%,Â¥ 1094,78.80%,Aug 2017,in 8 days,6 days ago
,,"Praey for the Gods
Week Long Deal
all-time low: Â¥ 1156 at -66%",-60%,Â¥ 1360,78.80%,Dec 2021,in 6 days,23 hours ago
,,"Left in the Dark: No One on Board
all-time low: Â¥ 98 at -90%",-70%,Â¥ 510,78.75%,Aug 2013,in 9 days,5 days ago
,,"STASIS
all-time low: Â¥ 202 at -80%",-50%,Â¥ 460,78.72%,Aug 2015,in 6 days,8 days ago
,,"We Were Here Too
current 2-year low",-80%,Â¥ 240,78.69%,Feb 2018,in 2 days,5 days ago
,,Blue Fire,-75%,Â¥ 512,78.68%,Feb 2021,in 9 days,5 days ago
,,"Jerez's Arena
Week Long Deal",-60%,Â¥ 920,78.61%,Jul 2020,in 6 days,23 hours ago
,,Warhammer: End Times - Vermintide,-95%,Â¥ 245,78.58%,Oct 2015,in 9 days,5 days ago
,,"GoNNER
all-time low: Â¥ 98 at -90%",-85%,Â¥ 180,78.56%,Oct 2016,in 6 days,8 days ago
,,Song of Farca,-75%,Â¥ 575,78.47%,Jul 2021,in 9 days,5 days ago
,,"Marble Age
2-year low: Â¥ 149",-75%,Â¥ 175,78.45%,Mar 2015,in 8 days,6 days ago
,,"Back to Bed
all-time low: Â¥ 59 at -90%",-80%,Â¥ 119,78.44%,Aug 2014,in 8 days,6 days ago
,,"Hentai Waifu
all-time low: Â¥ 29 at -71%",-50%,Â¥ 60,78.40%,Mar 2019,in 4 days,10 days ago
,,"This Strange Realm Of Mine
Week Long Deal
all-time low: Â¥ 101 at -90%",-90%,Â¥ 120,78.36%,Jul 2017,in 6 days,23 hours ago
,,"MXGP 2021 - The Official Motocross Videogame
Week Long Deal
all-time low: Â¥ 515 at -90%",-90%,Â¥ 583,78.32%,Nov 2021,in 6 days,23 hours ago
,,"Fahrenheit: Indigo Prophecy Remastered
Week Long Deal
all-time low: Â¥ 196 at -80%",-75%,Â¥ 300,78.21%,Jan 2015,in 6 days,23 hours ago
,,"Bus Driver
current 2-year low",-80%,Â¥ 136,78.20%,Mar 2007,in 2 days,12 days ago
,,Force of Nature 2: Ghost Keeper,-50%,Â¥ 900,78.14%,May 2021,in 6 days,23 hours ago
,,"The Red Lantern
Week Long Deal",-80%,Â¥ 514,78.13%,Dec 2021,in 6 days,23 hours ago
,,"Revenge of the Titans
Week Long Deal
2-year low: Â¥ 635",-50%,Â¥ 1025,78.13%,Mar 2011,in 6 days,23 hours ago
,,"Empyrion - Galactic Survival
current 2-year low",-60%,Â¥ 980,78.10%,Aug 2020,in 6 days,23 hours ago
,,"AppGameKit Classic: Easy Game Development
Week Long Deal
2-year low: Â¥ 1287",-60%,Â¥ 2200,78.09%,Nov 2014,in 6 days,23 hours ago
,,"Red Faction Guerrilla Re-Mars-tered
all-time low: Â¥ 396 at -80%",-80%,Â¥ 477,78.08%,Jul 2018,in 12 days,2 days ago
,,SEX with HITLER,-75%,Â¥ 180,78.08%,Jan 2022,in 6 days,8 days ago
,,"Panzer Knights
Week Long Deal
current 2-year low",-60%,Â¥ 1120,78.02%,May 2021,in 6 days,23 hours ago
,,"Mr.President!
Week Long Deal
2-year low: Â¥ 101",-50%,Â¥ 505,78.00%,Oct 2016,in 6 days,23 hours ago
,,"ConflictCraft
all-time low: Â¥ 33 at -73%",-50%,Â¥ 60,77.98%,Dec 2016,in 9 days,5 days ago
,,"Flower
2-year low: Â¥ 194",-73%,Â¥ 259,77.97%,Feb 2019,in 6 days,5 days ago
,,"Yihongyuan
Week Long Deal",-50%,Â¥ 400,77.97%,Mar 2023,in 6 days,23 hours ago
,,"Infliction
Week Long Deal
all-time low: Â¥ 440 at -80%",-66%,Â¥ 748,77.96%,Oct 2018,in 6 days,23 hours ago
,,PropHunter,-75%,Â¥ 102,77.91%,Aug 2021,tomorrow,13 days ago
,,"Call of Juarez
new historical low",-90%,Â¥ 129,77.86%,Jun 2007,in 3 days,6 days ago
,,"Arizona SunshineÂ®
all-time low: Â¥ 618 at -80%",-75%,Â¥ 772,77.57%,Dec 2016,in 13 days,23 hours ago
,,"Dying Light 2 Stay Human: Reloaded Edition
all-time low: Â¥ 4045 at -59%",-65%,Â¥ 4593,77.57%,Feb 2022,â€”,6 days ago
,,"Feather
Week Long Deal
all-time low: Â¥ 202 at -80%",-80%,Â¥ 240,77.52%,Apr 2019,in 6 days,23 hours ago
,,"ARMA: Cold War Assault
Week Long Deal
2-year low: Â¥ 119",-80%,Â¥ 140,77.45%,Aug 2011,in 6 days,23 hours ago
,,Dust to the End,-60%,Â¥ 488,77.40%,Aug 2021,in 4 days,4 days ago
,,"Scania Truck Driving Simulator
2-year low: Â¥ 256",-80%,Â¥ 276,77.38%,Jun 2012,in 2 days,12 days ago
,,"BlazBlue: Cross Tag Battle
all-time low: Â¥ 874 at -77%",-75%,Â¥ 950,77.37%,Nov 2019,â€”,58 minutes ago
,,Mitsurugi Kamui Hikae,-80%,Â¥ 196,77.34%,Mar 2014,in 4 days,4 days ago
,,They Always Run,-65%,Â¥ 420,77.32%,Oct 2021,in 9 days,5 days ago
,,"Survivalist
2-year low: Â¥ 99",-60%,Â¥ 232,77.32%,Jan 2015,in 6 days,23 hours ago
,,"Obduction
all-time low: Â¥ 596 at -80%",-70%,Â¥ 1020,77.31%,Aug 2016,in 2 days,5 days ago
,,War Dust VR: 32v32 Battlefields,-60%,Â¥ 1028,77.29%,May 2020,in 8 days,6 days ago
,,"Dead Effect 2 VR
Week Long Deal",-75%,Â¥ 642,77.27%,Oct 2017,in 6 days,23 hours ago
,,"DEPLOYMENT
all-time low: Â¥ 14 at -99%",-93%,Â¥ 97,77.23%,Apr 2018,in 12 days,23 hours ago
,,Iwaihime,-80%,Â¥ 596,77.16%,Oct 2020,in 12 days,2 days ago
,,"Enclave
Week Long Deal
2-year low: Â¥ 199",-50%,Â¥ 600,77.14%,Mar 2003,in 6 days,23 hours ago
,,"Arcanium: Rise of Akhan
Week Long Deal
all-time low: Â¥ 575 at -75%",-50%,Â¥ 1150,77.13%,Dec 2020,in 6 days,23 hours ago
,,"Warhammer 40,000: Armageddon
all-time low: Â¥ 450 at -90%",-70%,Â¥ 1350,77.12%,Nov 2014,in 2 days,5 days ago
,,"Distant Space
all-time low: Â¥ 29 at -71%",-50%,Â¥ 60,77.07%,Dec 2016,in 12 days,2 days ago
,,Ancestors Legacy,-90%,Â¥ 390,77.06%,May 2018,in 13 days,23 hours ago
,,"Weapon Shop Fantasy
2-year low: Â¥ 303",-50%,Â¥ 505,77.05%,Feb 2017,tomorrow,13 days ago
,,"La-Mulana
current 2-year low",-75%,Â¥ 370,77.03%,Apr 2013,in 4 days,4 days ago
,,"Hentai Furry
all-time low: Â¥ 38 at -81%",-50%,Â¥ 60,77.03%,Mar 2020,in 13 days,23 hours ago
,,"Escape the Ayuwoki
2-year low: Â¥ 303",-51%,Â¥ 1120,76.95%,Nov 2019,â€”,23 hours ago
,,"Assassin's CreedÂ® Unity
all-time low: Â¥ 594 at -85%",-75%,Â¥ 990,76.88%,Nov 2014,in 5 days,2 days ago
,,"BalanCity
Week Long Deal
all-time low: Â¥ 79 at -90%",-88%,Â¥ 95,76.81%,Sep 2016,in 6 days,23 hours ago
,,"The Town of Light
Week Long Deal
current 2-year low",-80%,Â¥ 376,76.78%,Feb 2016,in 6 days,23 hours ago
,,"Dandara: Trials of Fear Edition
all-time low: Â¥ 338 at -80%",-80%,Â¥ 340,76.76%,Feb 2018,in 6 days,8 days ago
,,"Memories of a Vagabond
all-time low: Â¥ 49 at -90%",-90%,Â¥ 60,76.71%,Jul 2014,in 13 days,23 hours ago
,,"Realms of Magic
all-time low: Â¥ 410 at -80%",-70%,Â¥ 615,76.70%,Jul 2022,in 6 days,23 hours ago
,,Total War: WARHAMMER,-75%,Â¥ 1645,76.69%,May 2016,in 2 days,5 days ago
,,"Creativerse
current 2-year low",-50%,Â¥ 1330,76.61%,May 2017,in 6 days,23 hours ago
,,"Bad Dream: Fever
Week Long Deal
all-time low: Â¥ 101 at -90%",-90%,Â¥ 120,76.57%,Nov 2018,in 6 days,23 hours ago
,,"Warhammer 40,000: Inquisitor - Prophecy
all-time low: Â¥ 280 at -90%",-80%,Â¥ 560,76.56%,Jul 2019,in 2 days,5 days ago
,,"LEGIONCRAFT
current 2-year low",-50%,Â¥ 710,76.42%,Aug 2022,tomorrow,13 days ago
,,"Gorky 17
Week Long Deal
2-year low: Â¥ 149",-50%,Â¥ 600,76.42%,Dec 1999,in 6 days,23 hours ago
,,"Barro
2-year low: Â¥ 47",-81%,Â¥ 139,76.38%,Mar 2018,â€”,5 days ago
,,"Cally's Caves 3
Week Long Deal
current 2-year low",-80%,Â¥ 139,76.36%,Jan 2016,in 6 days,23 hours ago
,,"Help Will Come Tomorrow
all-time low: Â¥ 307 at -85%",-85%,Â¥ 345,76.34%,Apr 2020,in 9 days,5 days ago
,,"8-Bit Hordes
2-year low: Â¥ 666",-50%,Â¥ 850,76.34%,Aug 2016,in 10 days,4 days ago
,,"Daily Wife
all-time low: Â¥ 77 at -92%",-70%,Â¥ 174,76.33%,Aug 2020,in 5 days,8 days ago
,,"Warhammer 40,000: Chaos Gate - Daemonhunters",-70%,Â¥ 1425,76.32%,May 2022,in 2 days,5 days ago
,,"Peekaboo
2-year low: Â¥ 79",-80%,Â¥ 93,76.21%,Aug 2019,in 5 days,9 days ago
,,Maid of Sker,-76%,Â¥ 616,76.18%,Jul 2020,in 12 days,2 days ago
,,Deadside,-60%,Â¥ 920,76.15%,Apr 2020,in 6 days,6 days ago
,,"Initial Drift Online
all-time low: Â¥ 52 at -90%",-80%,Â¥ 116,76.10%,Mar 2023,in 13 days,23 hours ago
,,Prince of Persia: The Two Thronesâ„¢,-80%,Â¥ 264,76.09%,Dec 2005,in 3 days,11 days ago
,,Prince of PersiaÂ®,-80%,Â¥ 264,75.98%,Dec 2008,in 3 days,11 days ago
,,"Anarchy: Wolf's law
new historical low",-80%,Â¥ 304,75.85%,Jun 2023,in 9 days,5 days ago
,,"Youtubers Life
2-year low: Â¥ 884",-60%,Â¥ 1072,75.81%,May 2016,in 3 days,4 days ago
,,"Hero of the Kingdom III
Week Long Deal
2-year low: Â¥ 151",-85%,Â¥ 180,75.79%,Aug 2018,in 6 days,23 hours ago
,,"DeadPoly
new historical low",-75%,Â¥ 250,75.79%,Jan 2022,in 6 days,23 hours ago
,,"Far CryÂ® 2
current 2-year low",-75%,Â¥ 330,75.77%,Oct 2008,in 5 days,2 days ago
,,"Jotun: Valhalla Edition
Week Long Deal
all-time low: Â¥ 304 at -80%",-75%,Â¥ 425,75.75%,Sep 2015,in 6 days,23 hours ago
,,"Hasbro's BATTLESHIP
Week Long Deal
all-time low: Â¥ 140 at -90%",-80%,Â¥ 280,75.71%,Aug 2018,in 6 days,23 hours ago
,,"Defend Your Life: TD
Week Long Deal
2-year low: Â¥ 149",-65%,Â¥ 420,75.64%,Apr 2015,in 6 days,23 hours ago
,,"SUCCUBUS
Week Long Deal",-75%,Â¥ 700,75.62%,Oct 2021,in 6 days,23 hours ago
,,Siege Survival: Gloria Victis,-84%,Â¥ 478,75.61%,May 2021,in 12 days,2 days ago
,,"Ğ¡Ğ¸Ğ¼ÑƒĞ»ÑÑ‚Ğ¾Ñ€ ĞŸÑ€Ñ‹Ğ³Ğ°Ğ½Ğ¸Ñ Ğ¿Ğ¾ Ğ“Ğ°Ñ€Ğ°Ğ¶Ğ°Ğ¼
all-time low: Â¥ 35 at -65%",-50%,Â¥ 60,75.61%,Dec 2022,tomorrow,13 days ago
,,"Painkiller Hell & Damnation
all-time low: Â¥ 198 at -90%",-80%,Â¥ 477,75.57%,Oct 2012,in 12 days,2 days ago
,,The Chant,-80%,Â¥ 619,75.55%,Nov 2022,in 12 days,2 days ago
,,"Incubus
new historical low",-60%,Â¥ 520,75.55%,Jul 2023,tomorrow,9 days ago
,,"NALOGI
2-year low: Â¥ 58",-60%,Â¥ 94,75.49%,Mar 2018,in 13 days,23 hours ago
,,"Radiation Island
2-year low: Â¥ 404",-50%,Â¥ 505,75.42%,Nov 2016,in 6 days,23 hours ago
,,Balrum,-75%,Â¥ 370,75.41%,Mar 2016,in 6 days,23 hours ago
,,"Scars Above
new historical low",-80%,Â¥ 717,75.27%,Feb 2023,in 12 days,2 days ago
,,Tribes of Midgard,-70%,Â¥ 615,75.27%,Jul 2021,in 6 days,23 hours ago
,,"Silica
Week Long Deal
new historical low",-54%,Â¥ 1696,75.27%,May 2023,in 6 days,23 hours ago
,,"RUSSIA BATTLEGROUNDS
all-time low: Â¥ 29 at -71%",-50%,Â¥ 60,75.27%,Jul 2018,in 8 days,6 days ago
,,"Nyasha
all-time low: Â¥ 38 at -81%",-50%,Â¥ 60,75.21%,Mar 2019,tomorrow,13 days ago
,,"Ğ¡Ğ˜ĞœĞ£Ğ›Ğ¯Ğ¢ĞĞ  ĞĞ”Ğ˜ĞĞĞ§Ğ•Ğ¡Ğ¢Ğ’Ğ Ğ’ Ğ Ğ£Ğ¡Ğ¡ĞšĞĞ™ Ğ”Ğ•Ğ Ğ•Ğ’ĞĞ•
all-time low: Â¥ 41 at -80%",-70%,Â¥ 70,75.15%,Apr 2021,in 57 minutes,14 days ago
,,Hurtworld,-65%,Â¥ 899,75.09%,Dec 2019,in 6 days,23 hours ago
,,"Far CryÂ® New Dawn
all-time low: Â¥ 1188 at -80%",-85%,Â¥ 1980,75.06%,Feb 2019,in 3 days,11 days ago
,,"Retail Royale
Week Long Deal",-50%,Â¥ 290,75.06%,May 2023,in 6 days,23 hours ago
,,"MotoGPâ„¢17
Week Long Deal
all-time low: Â¥ 165 at -90%",-85%,Â¥ 247,75.05%,Jun 2017,in 6 days,23 hours ago
,,"Scorn
Week Long Deal
all-time low: Â¥ 1463 at -65%",-70%,Â¥ 1929,75.00%,Oct 2022,in 6 days,23 hours ago
,,"Yogurt!
current 2-year low",-72%,Â¥ 162,74.89%,Oct 2020,in 12 days,2 days ago
,,"STORM AREA 51: AYY LMAO EDITION
all-time low: Â¥ 29 at -71%",-50%,Â¥ 60,74.89%,Sep 2019,tomorrow,13 days ago
,,"Broken Lines
Week Long Deal",-85%,Â¥ 420,74.84%,Feb 2020,in 6 days,23 hours ago
,,"Amnesia: Rebirth
Week Long Deal",-90%,Â¥ 340,74.82%,Oct 2020,in 6 days,23 hours ago
,,"Aeterna Noctis
all-time low: Â¥ 1190 at -65%",-60%,Â¥ 1360,74.81%,Dec 2021,in 10 days,4 days ago
,,8Doors: Arum's Afterlife Adventure,-80%,Â¥ 410,74.79%,Apr 2021,in 2 days,12 days ago
,,"Tavern of Gods
Week Long Deal
all-time low: Â¥ 500 at -62%",-60%,Â¥ 521,74.79%,Aug 2021,in 6 days,23 hours ago
,,"Dead In Vinland
2-year low: Â¥ 460",-51%,Â¥ 2248,74.79%,Apr 2018,â€”,5 days ago
,,"Fishing Sim WorldÂ®: Pro Tour
Week Long Deal",-75%,Â¥ 512,74.76%,Sep 2018,in 6 days,23 hours ago
,,"Jagged Alliance 2 - Wildfire
Week Long Deal
2-year low: Â¥ 174",-50%,Â¥ 500,74.72%,Mar 2004,in 6 days,23 hours ago
,,"Little Witch Academia: Chamber of Time
Week Long Deal
all-time low: Â¥ 1254 at -85%",-65%,Â¥ 2926,74.56%,May 2018,in 6 days,23 hours ago
,,"BEAUTIFUL DESOLATION
all-time low: Â¥ 300 at -80%",-66%,Â¥ 510,74.54%,Feb 2020,in 6 days,8 days ago
,,"Battlefleet Gothic: Armada 2
all-time low: Â¥ 620 at -75%",-80%,Â¥ 640,74.52%,Jan 2019,in 9 days,5 days ago
,,"We. The Revolution
all-time low: Â¥ 410 at -80%",-80%,Â¥ 460,74.49%,Mar 2019,in 12 days,2 days ago
,,"After the FallÂ®
all-time low: Â¥ 1258 at -63%",-60%,Â¥ 1360,74.48%,Dec 2021,in 13 days,23 hours ago
,,I am not a Monster: First Contact,-85%,Â¥ 195,74.44%,Sep 2018,in 9 days,5 days ago
,,"Two Worlds Epic Edition
Week Long Deal
2-year low: Â¥ 245",-60%,Â¥ 680,74.37%,Apr 2009,in 6 days,23 hours ago
,,"Medieval Kingdom Wars
current 2-year low",-70%,Â¥ 690,74.31%,Jan 2019,in 8 days,6 days ago
,,GIGA WRECKER,-94%,Â¥ 118,74.27%,Feb 2017,in 12 days,2 days ago
,,"Sex with the Devil
all-time low: Â¥ 50 at -90%",-85%,Â¥ 87,74.27%,Jun 2021,in 10 days,4 days ago
,,"Mind Spheres
all-time low: Â¥ 29 at -71%",-90%,Â¥ 60,74.15%,Jul 2016,in 2 days,12 days ago
,,"Cockwork Industries Complete
all-time low: Â¥ 274 at -75%",-60%,Â¥ 439,74.10%,Nov 2019,in 5 days,9 days ago
,,"Salt
all-time low: Â¥ 152 at -90%",-75%,Â¥ 380,74.01%,Feb 2018,in 6 days,23 hours ago
,,"Stranded Deep
current 2-year low",-50%,Â¥ 1040,74.01%,Aug 2022,in 6 days,23 hours ago
,,"Blocks That Matter
current 2-year low",-75%,Â¥ 145,73.94%,Aug 2011,in 2 days,5 days ago
,,"Submerged
Week Long Deal
all-time low: Â¥ 198 at -90%",-90%,Â¥ 230,73.93%,Aug 2015,in 6 days,23 hours ago
,,"Sex Chess
all-time low: Â¥ 246 at -91%",-70%,Â¥ 267,73.93%,Nov 2022,in 10 days,3 days ago
,,Blade Assault,-80%,Â¥ 368,73.91%,Jan 2022,in 2 days,12 days ago
,,"Warhammer 40,000: Inquisitor - Martyr
all-time low: Â¥ 550 at -90%",-80%,Â¥ 1100,73.77%,Jun 2018,in 2 days,5 days ago
,,"The First Tree
Week Long Deal
all-time low: Â¥ 100 at -90%",-90%,Â¥ 120,73.74%,Sep 2017,in 6 days,23 hours ago
,,Tiny Tina's Wonderlands,-75%,Â¥ 1925,73.74%,Jun 2022,in 9 days,5 days ago
,,"Force of Nature
all-time low: Â¥ 82 at -90%",-90%,Â¥ 92,73.73%,Dec 2016,in 6 days,23 hours ago
,,Succubusâ˜…Connect!,-65%,Â¥ 868,73.73%,May 2021,in 10 days,4 days ago
,,"CATGIRL LOVER
2-year low: Â¥ 70",-60%,Â¥ 94,73.72%,Jun 2019,in 13 days,23 hours ago
,,"Per Aspera
new historical low",-67%,Â¥ 1122,73.57%,Dec 2020,in 6 days,8 days ago
,,"Bloodsports.TV
all-time low: Â¥ 98 at -90%",-90%,Â¥ 120,73.54%,Mar 2015,in 9 days,5 days ago
,,"LOLLIPOP!
current 2-year low",-72%,Â¥ 162,73.46%,May 2021,in 12 days,2 days ago
,,"Yooka-Laylee
Week Long Deal
all-time low: Â¥ 398 at -90%",-80%,Â¥ 520,73.42%,Apr 2017,in 6 days,23 hours ago
,,"ANIMALITY
Week Long Deal
all-time low: Â¥ 37 at -81%",-72%,Â¥ 65,73.29%,Jan 2017,in 6 days,23 hours ago
,,Evil West,-65%,Â¥ 2793,73.29%,Nov 2022,in 5 days,9 days ago
,,"Shark Attack Deathmatch 2
Week Long Deal
2-year low: Â¥ 182",-60%,Â¥ 232,73.25%,Jul 2019,in 6 days,23 hours ago
,,"Hentai Shooter 3D
all-time low: Â¥ 29 at -71%",-50%,Â¥ 60,73.15%,Sep 2018,in 8 days,6 days ago
,,"ARMA: Gold Edition
Week Long Deal",-80%,Â¥ 196,73.14%,Jul 2011,in 6 days,23 hours ago
,,"Earth 2150 Trilogy
Week Long Deal
2-year low: Â¥ 174",-50%,Â¥ 600,73.03%,May 2000,in 6 days,23 hours ago
,,"Home is Where One Starts...
Week Long Deal
all-time low: Â¥ 50 at -83%",-80%,Â¥ 70,72.96%,May 2015,in 6 days,23 hours ago
,,"Shanhe
new historical low",-60%,Â¥ 288,72.87%,Jul 2023,tomorrow,13 days ago
,,The SettlersÂ® : Rise of an Empire - History Edition,-60%,Â¥ 633,72.87%,Jan 2019,in 3 days,11 days ago
,,Elderand,-50%,Â¥ 1150,72.77%,Feb 2023,in 12 days,2 days ago
,,"Unruly Heroes
Week Long Deal
all-time low: Â¥ 660 at -70%",-50%,Â¥ 1100,72.67%,Jan 2019,in 6 days,23 hours ago
,,SUPERHOT VR,-60%,Â¥ 999,72.62%,May 2017,in 8 days,6 days ago
,,"HALF DEAD 3
Week Long Deal",-50%,Â¥ 249,72.42%,Sep 2022,in 6 days,23 hours ago
,,Battle Cry of Freedom,-88%,Â¥ 123,72.34%,Mar 2022,in 13 days,23 hours ago
,,"Septerra Core
Week Long Deal
2-year low: Â¥ 149",-50%,Â¥ 460,71.94%,Oct 1999,in 6 days,23 hours ago
,,"Master Reboot
2-year low: Â¥ 303",-80%,Â¥ 304,71.91%,Oct 2013,in 12 days,2 days ago
,,Heliborne Collection,-80%,Â¥ 618,71.86%,Oct 2017,in 9 days,5 days ago
,,"Stranded Sails - Explorers of the Cursed Islands
all-time low: Â¥ 248 at -90%",-88%,Â¥ 297,71.77%,Oct 2019,in 6 days,23 hours ago
,,"Silence of the Sleep
2-year low: Â¥ 54",-83%,Â¥ 98,71.57%,Oct 2014,in 13 days,23 hours ago
,,"Elmarion: Dragon time
2-year low: Â¥ 560",-50%,Â¥ 760,71.53%,Mar 2020,in 56 minutes,14 days ago
,,"The Dwarves
Week Long Deal
all-time low: Â¥ 398 at -90%",-75%,Â¥ 995,71.50%,Dec 2016,in 6 days,23 hours ago
,,"Need For Drink
Week Long Deal
current 2-year low",-50%,Â¥ 99,71.50%,Nov 2017,in 6 days,23 hours ago
,,Night Call,-80%,Â¥ 340,71.49%,Jul 2019,in 6 days,8 days ago
,,"Contagion
Week Long Deal
2-year low: Â¥ 333",-50%,Â¥ 490,71.48%,Oct 2013,in 6 days,23 hours ago
,,Iron Harvest,-85%,Â¥ 538,71.44%,Sep 2020,in 12 days,2 days ago
,,"PixARK
current 2-year low",-75%,Â¥ 1025,71.37%,May 2019,in 6 days,23 hours ago
,,"BOOBS SAGA: Prepare To Hentai Edition
all-time low: Â¥ 53 at -82%",-69%,Â¥ 72,71.30%,May 2020,in 10 days,4 days ago
,,"Potatoman Seeks the Troof
Week Long Deal
all-time low: Â¥ 59 at -85%",-66%,Â¥ 159,71.27%,Dec 2014,in 6 days,23 hours ago
,,"Left Alone
Week Long Deal
2-year low: Â¥ 104",-80%,Â¥ 160,71.23%,Apr 2016,in 6 days,23 hours ago
,,"Shadows on the Vatican Act I: Greed
Week Long Deal
all-time low: Â¥ 69 at -90%",-85%,Â¥ 104,71.22%,Jun 2014,in 6 days,23 hours ago
,,"Twelve Minutes
all-time low: Â¥ 1260 at -60%",-60%,Â¥ 1300,71.20%,Aug 2021,in 6 days,5 days ago
,,"Morbid: The Seven Acolytes
Week Long Deal",-85%,Â¥ 385,71.19%,Dec 2020,in 6 days,23 hours ago
,,"Alaloth: Champions of The Four Kingdoms
Week Long Deal
all-time low: Â¥ 1028 at -60%",-60%,Â¥ 1280,71.12%,Jun 2022,in 6 days,23 hours ago
,,XCOMÂ®: Chimera Squad,-85%,Â¥ 330,71.07%,Apr 2020,in 9 days,5 days ago
,,"Suicide Squad: Kill the Justice League
new historical low",-60%,Â¥ 3951,71.03%,Feb 2024,in 6 days,8 days ago
,,"War Mongrels
all-time low: Â¥ 950 at -80%",-54%,Â¥ 3824,70.98%,Oct 2021,â€”,23 hours ago
,,Victory At Sea,-85%,Â¥ 372,70.93%,Aug 2014,tomorrow,13 days ago
,,"Dead Effect
Week Long Deal",-80%,Â¥ 99,70.92%,Dec 2014,in 6 days,23 hours ago
,,"Dark Deity
all-time low: Â¥ 567 at -94%",-75%,Â¥ 700,70.90%,Jun 2021,in 8 days,6 days ago
,,"Ultimate Fishing Simulator 2
Week Long Deal
new historical low",-70%,Â¥ 690,70.90%,Aug 2022,in 6 days,23 hours ago
,,"The Search
2-year low: Â¥ 119",-70%,Â¥ 141,70.88%,Apr 2017,in 4 days,10 days ago
,,"Hitman: Codename 47
Week Long Deal
current 2-year low",-80%,Â¥ 202,70.86%,Nov 2000,in 6 days,23 hours ago
,,"Red FactionÂ®: Armageddonâ„¢
all-time low: Â¥ 198 at -90%",-80%,Â¥ 477,70.81%,Jun 2011,in 12 days,2 days ago
,,"Minimalism
all-time low: Â¥ 29 at -71%",-50%,Â¥ 60,70.74%,Feb 2017,in 12 days,2 days ago
,,"Golfing Over It with Alva Majo
Week Long Deal
all-time low: Â¥ 232 at -60%",-50%,Â¥ 290,70.73%,Mar 2018,in 6 days,23 hours ago
,,"Space Hulk: Deathwing Enhanced Edition
all-time low: Â¥ 736 at -80%",-85%,Â¥ 747,70.72%,May 2018,in 9 days,5 days ago
,,"POSTAL 4: No Regerts
Week Long Deal
current 2-year low",-60%,Â¥ 1800,70.57%,Apr 2022,in 6 days,23 hours ago
,,"Battle vs Chess
Week Long Deal
2-year low: Â¥ 495",-60%,Â¥ 1120,70.57%,Aug 2012,in 6 days,23 hours ago
,,"West of Dead
all-time low: Â¥ 230 at -90%",-80%,Â¥ 460,70.52%,Jun 2020,in 6 days,8 days ago
,,PGA TOUR 2K23,-75%,Â¥ 2062,70.49%,Oct 2022,in 13 days,23 hours ago
,,"Efflorescence of Lust
all-time low: Â¥ 66 at -60%",-50%,Â¥ 82,70.49%,Feb 2020,in 8 days,6 days ago
,,"Dead Effect 2
Week Long Deal",-80%,Â¥ 236,70.48%,May 2016,in 6 days,23 hours ago
,,"Deck of Ashes
Week Long Deal",-80%,Â¥ 460,70.45%,Jun 2020,in 6 days,23 hours ago
,,"Waifu Secret
all-time low: Â¥ 51 at -75%",-61%,Â¥ 79,70.34%,Feb 2021,in 6 days,8 days ago
,,Tom Clancy's Ghost ReconÂ® Breakpoint,-80%,Â¥ 1848,70.28%,Jan 2023,in 5 days,2 days ago
,,"Painkiller Overdose
2-year low: Â¥ 99",-80%,Â¥ 117,70.26%,Oct 2007,in 12 days,2 days ago
,,"Distrust: Polar Survival
all-time low: Â¥ 118 at -90%",-85%,Â¥ 225,70.21%,Aug 2017,in 9 days,5 days ago
,,"Generation ZeroÂ®
all-time low: Â¥ 390 at -85%",-70%,Â¥ 780,70.15%,Mar 2019,in 6 days,23 hours ago
,,Big Bia,-50%,Â¥ 760,70.11%,Jun 2022,tomorrow,13 days ago
,,"Blaite
2-year low: Â¥ 50",-50%,Â¥ 60,70.06%,Jan 2017,tomorrow,13 days ago
,,"Planets Under Attack
Week Long Deal
2-year low: Â¥ 196",-70%,Â¥ 420,69.95%,Sep 2012,in 6 days,23 hours ago
,,Lead and Gold: Gangs of the Wild West,-90%,Â¥ 112,69.93%,Apr 2010,in 9 days,5 days ago
,,"STAND OUT VR : VR Battle Royale
2-year low: Â¥ 1028",-50%,Â¥ 1285,69.85%,May 2019,in 8 days,6 days ago
,,"Niffelheim
2-year low: Â¥ 345",-80%,Â¥ 460,69.72%,Sep 2018,in 6 days,23 hours ago
,,Beyond Contact,-70%,Â¥ 716,69.61%,Apr 2023,in 6 days,23 hours ago
,,Tom Clancyâ€™s The Divisionâ„¢,-85%,Â¥ 594,69.33%,Mar 2016,in 3 days,11 days ago
,,"Morphine
all-time low: Â¥ 59 at -80%",-70%,Â¥ 105,69.32%,Oct 2015,in 8 days,6 days ago
,,"CAT Interstellar
Week Long Deal
all-time low: Â¥ 52 at -90%",-90%,Â¥ 120,69.05%,Oct 2017,in 6 days,23 hours ago
,,"Drift Of The Hill
all-time low: Â¥ 38 at -81%",-50%,Â¥ 117,68.98%,Feb 2020,in 13 days,23 hours ago
,,Mordheim: City of the Damned,-90%,Â¥ 248,68.90%,Nov 2015,in 2 days,5 days ago
,,Eternal Edge +,-90%,Â¥ 152,68.79%,May 2022,in 2 days,12 days ago
,,"Time Lock VR 1
all-time low: Â¥ 14 at -99%",-93%,Â¥ 90,68.69%,Aug 2017,in 12 days,23 hours ago
,,BioShockâ„¢ 2 Remastered,-85%,Â¥ 297,68.57%,Sep 2016,in 9 days,5 days ago
,,Don't Knock Twice,-80%,Â¥ 396,68.54%,Sep 2017,in 12 days,2 days ago
,,"Daymare: 1998
Week Long Deal",-90%,Â¥ 349,68.49%,Sep 2019,in 6 days,23 hours ago
,,Feudal Alloy,-90%,Â¥ 173,68.49%,Jan 2019,in 3 days,11 days ago
,,"Scrapnaut
new historical low",-75%,Â¥ 355,68.42%,Sep 2021,in 7 days,3 days ago
,,"This Land Is My Land
all-time low: Â¥ 1360 at -60%",-50%,Â¥ 1700,68.36%,Oct 2021,in 6 days,23 hours ago
,,"Tempest: Pirate Action RPG
Week Long Deal
all-time low: Â¥ 380 at -75%",-65%,Â¥ 594,68.20%,Aug 2016,in 6 days,23 hours ago
,,"VITATIO 2
Week Long Deal
all-time low: Â¥ 30 at -69%",-50%,Â¥ 60,68.20%,Apr 2017,in 6 days,23 hours ago
,,"Earth 2160
Week Long Deal
2-year low: Â¥ 99",-50%,Â¥ 600,68.15%,Apr 2006,in 6 days,23 hours ago
,,"Particula
2-year low: Â¥ 30",-90%,Â¥ 60,67.95%,Feb 2015,in 2 days,12 days ago
,,Motorcycle Mechanic Simulator 2021,-65%,Â¥ 805,67.70%,Nov 2021,in 8 days,6 days ago
,,The Wild Eight,-85%,Â¥ 420,67.63%,Oct 2019,in 8 days,6 days ago
,,"Hentai Temple
all-time low: Â¥ 29 at -71%",-50%,Â¥ 117,67.52%,Aug 2018,in 13 days,23 hours ago
,,Toby: The Secret Mine,-90%,Â¥ 98,67.39%,Oct 2015,in 3 days,11 days ago
,,SKIBIDI BACKROOMS,-51%,Â¥ 115,67.24%,Dec 2023,in 12 days,2 days ago
,,"Battlefleet Gothic: Armada
new historical low",-85%,Â¥ 372,67.02%,Apr 2016,in 9 days,5 days ago
,,"Ninja Stealth
all-time low: Â¥ 0 at -100%",-90%,Â¥ 60,66.98%,Jun 2016,in 56 minutes,14 days ago
,,"Citadel: Forged with Fire
2-year low: Â¥ 1025",-70%,Â¥ 1230,66.92%,Nov 2019,in 6 days,23 hours ago
,,"No One Survived
new historical low",-51%,Â¥ 931,66.90%,Jan 2023,in 6 days,23 hours ago
,,"Gotham Knights
all-time low: Â¥ 1122 at -85%",-80%,Â¥ 1496,66.85%,Oct 2022,in 6 days,8 days ago
,,The King's Bird,-90%,Â¥ 287,66.78%,Aug 2018,in 9 days,5 days ago
,,"Beholder 3
all-time low: Â¥ 595 at -65%",-65%,Â¥ 700,66.77%,Mar 2022,in 9 days,5 days ago
,,"Hashiriya Drifter-Online Drift Racing Multiplayer (DRIFT/DRAG/RACING)
Week Long Deal
all-time low: Â¥ 52 at -90%",-70%,Â¥ 70,66.76%,Aug 2019,in 6 days,23 hours ago
,,"Three Heroes
Week Long Deal
2-year low: Â¥ 45",-80%,Â¥ 94,66.70%,Sep 2015,in 6 days,23 hours ago
,,Dice Legacy,-80%,Â¥ 357,66.63%,Sep 2021,in 12 days,2 days ago
,,"Maquette
all-time low: Â¥ 1000 at -60%",-60%,Â¥ 1060,66.61%,Mar 2021,in 6 days,5 days ago
,,"Ashen
all-time low: Â¥ 1025 at -75%",-75%,Â¥ 1287,66.59%,Dec 2019,in 6 days,5 days ago
,,"Tea Party Simulator 2015â„¢
2-year low: Â¥ 404",-60%,Â¥ 480,66.25%,Apr 2015,in 12 days,2 days ago
,,"Dakar 18
all-time low: Â¥ 309 at -90%",-90%,Â¥ 358,66.22%,Sep 2018,in 12 days,2 days ago
,,"Thief Simulator VR
all-time low: Â¥ 512 at -75%",-56%,Â¥ 1804,66.13%,Nov 2020,â€”,23 hours ago
,,"Trucks & Trailers
2-year low: Â¥ 120",-80%,Â¥ 136,65.99%,Jun 2011,in 2 days,12 days ago
,,"A Detective's Novel
all-time low: Â¥ 30 at -69%",-69%,Â¥ 72,65.95%,Jul 2016,in 7 days,7 days ago
,,DESOLATE,-75%,Â¥ 425,65.83%,Jan 2019,in 8 days,6 days ago
,,"The I of the Dragon
Week Long Deal
2-year low: Â¥ 139",-60%,Â¥ 368,65.69%,Mar 2004,in 6 days,23 hours ago
,,"KnightShift
Week Long Deal
2-year low: Â¥ 139",-60%,Â¥ 400,65.64%,Dec 2003,in 6 days,23 hours ago
,,"Jack Orlando: Director's Cut
Week Long Deal
2-year low: Â¥ 124",-60%,Â¥ 320,65.64%,Jan 2012,in 6 days,23 hours ago
,,Deadly Premonition: The Director's Cut,-95%,Â¥ 124,65.54%,Oct 2013,in 12 days,2 days ago
,,"Inquisitor
2-year low: Â¥ 120",-66%,Â¥ 408,65.52%,Sep 2012,in 11 days,3 days ago
,,"We Are The Dwarves
all-time low: Â¥ 71 at -99%",-95%,Â¥ 557,65.47%,Feb 2016,â€”,2 days ago
,,"Deadly Broadcast
Week Long Deal
all-time low: Â¥ 171 at -55%",-50%,Â¥ 190,65.45%,Feb 2023,in 6 days,23 hours ago
,,"Chicken Shoot Gold
Week Long Deal
all-time low: Â¥ 69 at -90%",-70%,Â¥ 450,65.39%,Nov 2003,in 6 days,23 hours ago
,,Tails Noir,-80%,Â¥ 560,65.38%,Jun 2021,in 6 days,8 days ago
,,"True or False
Week Long Deal
2-year low: Â¥ 70",-80%,Â¥ 116,65.38%,Sep 2016,in 6 days,23 hours ago
,,"Trolley Problem, Inc.",-70%,Â¥ 390,65.38%,Apr 2022,in 2 days,5 days ago
,,"To The Rescue!
all-time low: Â¥ 469 at -94%",-75%,Â¥ 575,65.30%,Nov 2021,in 8 days,6 days ago
,,Batmanâ„¢: Arkham VR,-75%,Â¥ 495,65.24%,Apr 2017,in 6 days,8 days ago
,,"Ratty Catty
all-time low: Â¥ 370 at -75%",-70%,Â¥ 510,65.12%,Jul 2017,in 8 days,6 days ago
,,"Life is Feudal: Your Own
all-time low: Â¥ 307 at -85%",-75%,Â¥ 512,65.09%,Nov 2015,in 6 days,23 hours ago
,,"Necromunda: Hired Gun
new historical low",-80%,Â¥ 1296,65.02%,May 2021,in 9 days,5 days ago
,,"18+
all-time low: Â¥ 29 at -71%",-50%,Â¥ 60,64.88%,Jul 2018,in 6 days,8 days ago
,,"Train Mechanic Simulator 2017
Week Long Deal
all-time low: Â¥ 82 at -90%",-60%,Â¥ 328,64.86%,Mar 2017,in 6 days,23 hours ago
,,"Omerta - City of Gangsters
Week Long Deal
current 2-year low",-60%,Â¥ 799,64.84%,Jan 2013,in 6 days,23 hours ago
,,"Windforge
current 2-year low",-50%,Â¥ 490,64.81%,Mar 2014,in 6 days,23 hours ago
,,"Might and Magic: Heroes VII â€“ Trial by Fire
current 2-year low",-75%,Â¥ 990,64.07%,Aug 2016,in 3 days,11 days ago
,,"Stars End
2-year low: Â¥ 532",-55%,Â¥ 1035,64.03%,Jan 2023,in 13 days,23 hours ago
,,Tom Clancyâ€™s Rainbow SixÂ® Extraction,-75%,Â¥ 1650,63.99%,Jun 2023,in 5 days,2 days ago
,,BattleRush 2,-90%,Â¥ 152,63.91%,Oct 2018,in 8 days,6 days ago
,,"CrashMetal - Cyberpunk
all-time low: Â¥ 37 at -98%",-89%,Â¥ 66,63.47%,Dec 2020,in 13 days,23 hours ago
,,"Vambrace: Cold Soul
all-time low: Â¥ 257 at -90%",-85%,Â¥ 420,63.45%,May 2019,in 6 days,8 days ago
,,"Xenon Racer
Week Long Deal
all-time low: Â¥ 149 at -90%",-90%,Â¥ 170,63.34%,Mar 2019,in 6 days,23 hours ago
,,"Gift Girl
all-time low: Â¥ 82 at -60%",-60%,Â¥ 94,63.28%,Mar 2020,in 5 days,9 days ago
,,"Telling Lies
all-time low: Â¥ 512 at -75%",-75%,Â¥ 662,63.23%,Aug 2019,in 6 days,5 days ago
,,"Euro Fishing
Week Long Deal
current 2-year low",-80%,Â¥ 304,63.07%,Nov 2015,in 6 days,23 hours ago
,,"Asteroid Bounty Hunter
all-time low: Â¥ 24 at -99%",-90%,Â¥ 118,63.01%,Feb 2016,in 13 days,23 hours ago
,,"Drift Streets Japan
all-time low: Â¥ 37 at -98%",-90%,Â¥ 60,62.90%,Dec 2015,in 13 days,23 hours ago
,,"Space Hulk: Tactics
new historical low",-85%,Â¥ 372,62.81%,Oct 2018,in 9 days,5 days ago
,,"Castle Story
Week Long Deal",-75%,Â¥ 300,62.57%,Aug 2017,in 6 days,23 hours ago
,,"World War II: Panzer Claws
Week Long Deal
2-year low: Â¥ 99",-60%,Â¥ 320,62.57%,Jan 2004,in 6 days,23 hours ago
,,CardLife: Creative Survival,-50%,Â¥ 760,62.12%,Feb 2019,in 6 days,23 hours ago
,,"Slice, Dice & Rice
Week Long Deal
all-time low: Â¥ 98 at -90%",-90%,Â¥ 120,62.04%,Apr 2017,in 6 days,23 hours ago
,,"Contagion VR: Outbreak
Week Long Deal
all-time low: Â¥ 343 at -66%",-50%,Â¥ 505,61.98%,Jun 2018,in 6 days,23 hours ago
,,"GangV | VR & PC Battle Royale
all-time low: Â¥ 608 at -60%",-50%,Â¥ 760,61.81%,Apr 2021,in 8 days,6 days ago
,,"Demon Hunter: Chronicles from Beyond
all-time low: Â¥ 98 at -90%",-70%,Â¥ 510,61.71%,Dec 2014,in 9 days,5 days ago
,,"Two Worlds II HD
Week Long Deal
2-year low: Â¥ 495",-60%,Â¥ 1120,61.69%,Feb 2011,in 6 days,23 hours ago
,,"The Odyssey: Winds of Athena
2-year low: Â¥ 36",-75%,Â¥ 432,61.60%,Nov 2015,â€”,23 hours ago
,,"Warhammer Underworlds - Shadespire Edition
2-year low: Â¥ 99",-70%,Â¥ 1020,61.31%,Apr 2020,in 2 days,5 days ago
,,Last Oasis,-67%,Â¥ 1085,61.28%,Mar 2020,in 6 days,23 hours ago
,,The Last Haven,-50%,Â¥ 1025,61.20%,Feb 2023,in 8 days,6 days ago
,,"COCKHEAD
all-time low: Â¥ 180 at -75%",-60%,Â¥ 288,60.78%,Sep 2020,in 8 days,6 days ago
,,"Earth 2140
Week Long Deal
2-year low: Â¥ 124",-50%,Â¥ 400,60.66%,Nov 2013,in 6 days,23 hours ago
,,"Monsti
all-time low: Â¥ 38 at -81%",-50%,Â¥ 60,60.50%,Sep 2016,tomorrow,13 days ago
,,"X-Blades
Week Long Deal
2-year low: Â¥ 186",-60%,Â¥ 600,60.41%,Feb 2009,in 6 days,23 hours ago
,,"Aircraft Carrier Survival
Week Long Deal",-80%,Â¥ 410,60.39%,Apr 2022,in 6 days,23 hours ago
,,"Need for Drive - Open World Multiplayer Racing
all-time low: Â¥ 47 at -90%",-50%,Â¥ 60,60.34%,Feb 2021,in 8 days,6 days ago
,,"Lucius II
Week Long Deal
all-time low: Â¥ 198 at -90%",-85%,Â¥ 420,60.29%,Feb 2015,in 6 days,23 hours ago
,,"Survive on Raft
current 2-year low",-60%,Â¥ 404,60.25%,Jul 2019,in 6 days,23 hours ago
,,"Overcast - Walden and the Werewolf
2-year low: Â¥ 30",-90%,Â¥ 60,60.11%,Apr 2014,in 2 days,12 days ago
,,"Homefront
all-time low: Â¥ 198 at -90%",-90%,Â¥ 238,60.03%,Mar 2011,in 12 days,2 days ago
